scaffold,reconciled_taxonomy
OC1703_500m_50m_sens_contig_2251444,Pseudomonadota;Gammaproteobacteria
OC1703_4500m_4000m_sens_contig_1073933,unclassified
OC1703_4500m_150m_sens_contig_2105415,Euryarchaeota
OC1703_4500m_500m_sens_contig_989476,Euryarchaeota
OC1703_4500m_1000m_sens_contig_762673,Chloroflexota
OC1703_4000m_1000m_sens_contig_132800,Chloroflexota
OC1703_3500m_50m_sens_contig_2002734,Pseudomonadota;Gammaproteobacteria
OC1703_4500m_50m_sens_contig_147147,Pseudomonadota;Gammaproteobacteria
OC1703_3500m_50m_sens_contig_1926352,eukaryote
OC1703_3500m_150m_sens_contig_5209051,Nitrososphaerota
OC1703_4500m_150m_sens_contig_2576024,Nitrososphaerota
OC1703_4500m_500m_sens_contig_2412779,Nitrososphaerota
OC1703_4500m_3000m_sens_contig_1569775,Acidobacteriota
OC1703_4500m_2000m_sens_contig_1811549,Acidobacteriota
OC1703_4000m_2000m_sens_contig_3653663,Acidobacteriota
OC1703_4500m_150m_sens_contig_2706269,Acidobacteriota
OC1703_4500m_150m_sens_contig_4499898,Acidobacteriota
OC1703_3500m_50m_sens_contig_2392254,unclassified
OC1703_3000m_50m_sens_contig_849039,unclassified
OC1703_500m_50m_sens_contig_1238594,Pseudomonadota;Alphaproteobacteria
OC1703_4000m_50m_sens_contig_2146324,Pseudomonadota;Alphaproteobacteria
OC1703_4500m_50m_sens_contig_6433903,Pseudomonadota;Alphaproteobacteria
OC1703_3500m_50m_sens_contig_4300480,Pseudomonadota;Alphaproteobacteria
OC1703_3000m_50m_sens_contig_397980,Pseudomonadota;Alphaproteobacteria
OC1703_4000m_50m_sens_contig_2669421,Pseudomonadota;Alphaproteobacteria
OC1703_3000m_50m_sens_contig_369226,Actinomycetota
OC1703_3500m_50m_sens_contig_3558135,Actinomycetota
OC1703_500m_50m_sens_contig_1966927,Actinomycetota
OC1703_4500m_50m_sens_contig_6436277,Pseudomonadota;Alphaproteobacteria
OC1703_3000m_50m_sens_contig_3015625,Pseudomonadota;Alphaproteobacteria
OC1703_4500m_50m_sens_contig_2499101,Pseudomonadota;Alphaproteobacteria
OC1703_4000m_50m_sens_contig_159671,Pseudomonadota;Alphaproteobacteria
OC1703_500m_50m_sens_contig_212498,Pseudomonadota;Alphaproteobacteria
OC1703_3000m_50m_sens_contig_1477265,Pseudomonadota;Alphaproteobacteria
OC1703_3500m_50m_sens_contig_4050304,Pseudomonadota;Alphaproteobacteria
OC1703_3500m_50m_sens_contig_4469332,Pseudomonadota;Alphaproteobacteria
OC1703_4500m_50m_sens_contig_4809968,Pseudomonadota;Alphaproteobacteria
OC1703_4500m_50m_sens_contig_2771313,Pseudomonadota;Alphaproteobacteria
OC1703_4500m_50m_sens_contig_5242022,Pseudomonadota;Alphaproteobacteria
OC1703_4500m_150m_sens_contig_2901584,unclassified
OC1703_3000m_3000m_sens_contig_327220,Pseudomonadota;Gammaproteobacteria
OC1703_3000m_3000m_sens_contig_2694777,Pseudomonadota;Alphaproteobacteria
OC1703_3500m_3000m_sens_contig_1779769,Pseudomonadota;Alphaproteobacteria
OC1703_3000m_3000m_sens_contig_228569,Pseudomonadota;Gammaproteobacteria
OC1703_3500m_3000m_sens_contig_1627856,Pseudomonadota;Gammaproteobacteria
OC1703_4500m_3000m_sens_contig_3961103,Planctomycetota
OC1703_4500m_2000m_sens_contig_1367491,Planctomycetota
OC1703_4000m_2000m_sens_contig_2718962,Planctomycetota
OC1703_4500m_4000m_sens_contig_4435380,Planctomycetota
OC1703_4000m_3000m_sens_contig_1549728,Planctomycetota
OC1703_4000m_3000m_sens_contig_1655417,Pseudomonadota;unclassified
OC1703_4500m_3000m_sens_contig_503881,Pseudomonadota;Gammaproteobacteria
OC1703_4500m_2000m_sens_contig_1110991,Pseudomonadota;Gammaproteobacteria
OC1703_4500m_2000m_sens_contig_548983,Pseudomonadota;Gammaproteobacteria
OC1703_3000m_500m_sens_contig_3135517,Pseudomonadota;Gammaproteobacteria
OC1703_4500m_500m_sens_contig_3041606,Pseudomonadota;Gammaproteobacteria
OC1703_3500m_150m_sens_contig_550687,Pseudomonadota;unclassified
OC1703_500m_50m_sens_contig_2044963,Pseudomonadota;Gammaproteobacteria
OC1703_3000m_150m_sens_contig_307341,Pseudomonadota;Gammaproteobacteria
OC1703_500m_50m_sens_contig_1353766,Pseudomonadota;Alphaproteobacteria
OC1703_3000m_150m_sens_contig_2920256,Pseudomonadota;Alphaproteobacteria
OC1703_3500m_150m_sens_contig_4824256,Pseudomonadota;Gammaproteobacteria
OC1703_4500m_150m_sens_contig_1892075,Pseudomonadota;Gammaproteobacteria
OC1703_3000m_1000m_sens_contig_962947,Pseudomonadota;Gammaproteobacteria
OC1703_3500m_1000m_sens_contig_2092189,Pseudomonadota;Gammaproteobacteria
OC1703_3000m_500m_sens_contig_4587287,Pseudomonadota;Gammaproteobacteria
OC1703_4000m_500m_sens_contig_2996198,Pseudomonadota;Gammaproteobacteria
OC1703_4500m_500m_sens_contig_5856448,Pseudomonadota;Gammaproteobacteria
OC1703_3000m_500m_sens_contig_1150935,Pseudomonadota;Gammaproteobacteria
OC1703_3500m_1000m_sens_contig_2695383,Pseudomonadota;Gammaproteobacteria
OC1703_500m_150m_sens_contig_3427768,Pseudomonadota;Gammaproteobacteria
OC1703_3500m_150m_sens_contig_1302116,Pseudomonadota;Gammaproteobacteria
OC1703_4000m_150m_sens_contig_1079767,Pseudomonadota;Gammaproteobacteria
OC1703_3000m_1000m_sens_contig_5339205,Pseudomonadota;Gammaproteobacteria
OC1703_3500m_50m_sens_contig_801306,Pseudomonadota;Gammaproteobacteria
OC1703_3500m_150m_sens_contig_1227787,Pseudomonadota;Gammaproteobacteria
OC1703_4500m_150m_sens_contig_5680282,Pseudomonadota;Gammaproteobacteria
OC1703_3000m_50m_sens_contig_3634432,Pseudomonadota;Gammaproteobacteria
OC1703_3000m_150m_sens_contig_2292734,Pseudomonadota;Gammaproteobacteria
OC1703_4000m_150m_sens_contig_1024391,Pseudomonadota;Gammaproteobacteria
OC1703_3000m_150m_sens_contig_2867616,Pseudomonadota;Gammaproteobacteria
OC1703_3500m_150m_sens_contig_1078319,Pseudomonadota;Gammaproteobacteria
OC1703_3500m_3000m_sens_contig_3462604,Planctomycetota
OC1703_3000m_3000m_sens_contig_1859440,Planctomycetota
OC1703_4500m_4000m_sens_contig_3155869,Planctomycetota
OC1703_4500m_3000m_sens_contig_2379566,Planctomycetota
OC1703_4500m_2000m_sens_contig_3268519,Planctomycetota
OC1703_3000m_2000m_sens_contig_4409777,Planctomycetota
OC1703_3000m_150m_sens_contig_1379528,Planctomycetota
OC1703_3000m_150m_sens_contig_4395961,Planctomycetota
OC1703_3000m_3000m_sens_contig_3179916,Planctomycetota
OC1703_4500m_4000m_sens_contig_1441557,Planctomycetota
OC1703_4500m_4000m_sens_contig_1989854,Planctomycetota
OC1703_4000m_2000m_sens_contig_2602526,unclassified
OC1703_4500m_1000m_sens_contig_1948261,Pseudomonadota;unclassified
OC1703_4000m_1000m_sens_contig_3079755,Pseudomonadota;unclassified
OC1703_4500m_2000m_sens_contig_4034241,Pseudomonadota;unclassified
OC1703_4500m_4000m_sens_contig_4172142,Pseudomonadota;unclassified
OC1703_3000m_2000m_sens_contig_4337163,Pseudomonadota;unclassified
OC1703_3500m_2000m_sens_contig_1623954,Pseudomonadota;unclassified
OC1703_4000m_3000m_sens_contig_1004529,Pseudomonadota;unclassified
OC1703_4500m_3000m_sens_contig_3886236,Pseudomonadota;unclassified
OC1703_3500m_3000m_sens_contig_2178022,Pseudomonadota;unclassified
OC1703_3000m_3000m_sens_contig_3249647,Pseudomonadota;unclassified
OC1703_3500m_1000m_sens_contig_468339,Pseudomonadota;unclassified
OC1703_3000m_1000m_sens_contig_3554182,Pseudomonadota;unclassified
OC1703_3000m_150m_sens_contig_2746975,Pseudomonadota;Gammaproteobacteria
OC1703_500m_150m_sens_contig_4245729,Pseudomonadota;Gammaproteobacteria
OC1703_500m_50m_sens_contig_3771925,Pseudomonadota;Gammaproteobacteria
OC1703_3500m_150m_sens_contig_2304028,Pseudomonadota;Gammaproteobacteria
OC1703_3000m_500m_sens_contig_4345888,Pseudomonadota;Gammaproteobacteria
OC1703_3500m_500m_sens_contig_71734,Pseudomonadota;Gammaproteobacteria
OC1703_3000m_1000m_sens_contig_3501441,Pseudomonadota;Gammaproteobacteria
OC1703_4500m_500m_sens_contig_2283301,Pseudomonadota;Gammaproteobacteria
OC1703_4000m_1000m_sens_contig_2894064,Pseudomonadota;Gammaproteobacteria
OC1703_4500m_1000m_sens_contig_519423,Pseudomonadota;Gammaproteobacteria
OC1703_4000m_500m_sens_contig_1608694,Pseudomonadota;Gammaproteobacteria
OC1703_500m_500m_sens_contig_121895,Pseudomonadota;Gammaproteobacteria
OC1703_3500m_50m_sens_contig_3383798,eukaryote
OC1703_3000m_50m_sens_contig_890841,eukaryote
OC1703_4500m_50m_sens_contig_4021843,eukaryote
OC1703_4000m_50m_sens_contig_1661934,eukaryote
OC1703_3500m_50m_sens_contig_4354393,eukaryote
OC1703_3500m_50m_sens_contig_958083,eukaryote
OC1703_3000m_50m_sens_contig_2646026,eukaryote
OC1703_500m_50m_sens_contig_4151794,eukaryote
OC1703_4500m_50m_sens_contig_751397,eukaryote
OC1703_4500m_150m_sens_contig_5530210,Pseudomonadota;Alphaproteobacteria
OC1703_4500m_50m_sens_contig_5449883,Pseudomonadota;Alphaproteobacteria
OC1703_4500m_50m_sens_contig_6994973,Pseudomonadota;Alphaproteobacteria
OC1703_4500m_4000m_sens_contig_2043199,Planctomycetota
OC1703_3000m_1000m_sens_contig_353389,Pseudomonadota;Alphaproteobacteria
OC1703_4000m_1000m_sens_contig_2093937,Pseudomonadota;Alphaproteobacteria
OC1703_4500m_150m_sens_contig_379634,Pseudomonadota;Alphaproteobacteria
OC1703_3000m_3000m_sens_contig_3243273,Pseudomonadota;Alphaproteobacteria
OC1703_4500m_3000m_sens_contig_2404900,Pseudomonadota;Alphaproteobacteria
OC1703_4500m_4000m_sens_contig_4410870,Pseudomonadota;Alphaproteobacteria
OC1703_3500m_3000m_sens_contig_2346525,Pseudomonadota;Alphaproteobacteria
OC1703_3000m_150m_sens_contig_4515469,Pseudomonadota;Alphaproteobacteria
OC1703_4500m_500m_sens_contig_4982426,Pseudomonadota;Alphaproteobacteria
OC1703_4000m_500m_sens_contig_1877030,Pseudomonadota;Alphaproteobacteria
OC1703_3500m_150m_sens_contig_3535019,Pseudomonadota;Alphaproteobacteria
OC1703_3000m_1000m_sens_contig_2488710,Pseudomonadota;Alphaproteobacteria
OC1703_3000m_500m_sens_contig_5921275,Pseudomonadota;Alphaproteobacteria
OC1703_3500m_500m_sens_contig_1255740,Pseudomonadota;Alphaproteobacteria
OC1703_3500m_1000m_sens_contig_2030393,Pseudomonadota;Alphaproteobacteria
OC1703_4000m_1000m_sens_contig_1832037,Pseudomonadota;Alphaproteobacteria
OC1703_4500m_4000m_sens_contig_2161376,Pseudomonadota;Alphaproteobacteria
OC1703_4500m_150m_sens_contig_3436758,Pseudomonadota;Alphaproteobacteria
OC1703_4500m_4000m_sens_contig_4117383,Pseudomonadota;Alphaproteobacteria
OC1703_4500m_150m_sens_contig_245818,Pseudomonadota;Alphaproteobacteria
OC1703_4500m_150m_sens_contig_4025747,Pseudomonadota;Alphaproteobacteria
OC1703_3000m_50m_sens_contig_3267355,Pseudomonadota;Alphaproteobacteria
OC1703_4500m_4000m_sens_contig_957727,Pseudomonadota;Alphaproteobacteria
OC1703_3000m_50m_sens_contig_3756193,Actinomycetota
OC1703_4500m_50m_sens_contig_4949922,Actinomycetota
OC1703_3000m_50m_sens_contig_2359402,Actinomycetota
OC1703_4500m_50m_sens_contig_2725726,Actinomycetota
OC1703_3000m_50m_sens_contig_1320207,Actinomycetota
OC1703_3500m_50m_sens_contig_3869129,Actinomycetota
OC1703_3000m_50m_sens_contig_5671475,Actinomycetota
OC1703_4500m_50m_sens_contig_1105853,Actinomycetota
OC1703_3000m_50m_sens_contig_3315352,Pseudomonadota;Gammaproteobacteria
OC1703_4500m_1000m_sens_contig_1307182,Pseudomonadota;Gammaproteobacteria
OC1703_3500m_1000m_sens_contig_742457,Pseudomonadota;Gammaproteobacteria
OC1703_4000m_1000m_sens_contig_2383328,Pseudomonadota;Gammaproteobacteria
OC1703_3000m_50m_sens_contig_3484024,Actinomycetota
OC1703_4500m_150m_sens_contig_3073381,Pseudomonadota;Alphaproteobacteria
OC1703_3000m_1000m_sens_contig_3615179,Pseudomonadota;Alphaproteobacteria
OC1703_3500m_50m_sens_contig_435858,Pseudomonadota;Alphaproteobacteria
OC1703_4500m_50m_sens_contig_6943526,Pseudomonadota;Alphaproteobacteria
OC1703_4000m_50m_sens_contig_3223703,Pseudomonadota;Alphaproteobacteria
OC1703_4000m_3000m_sens_contig_1049039,Pseudomonadota;Betaproteobacteria
OC1703_4500m_4000m_sens_contig_185453,Pseudomonadota;Gammaproteobacteria
OC1703_3000m_3000m_sens_contig_1094733,Pseudomonadota;Gammaproteobacteria
OC1703_4500m_4000m_sens_contig_435350,Pseudomonadota;Gammaproteobacteria
OC1703_3500m_3000m_sens_contig_2859602,Pseudomonadota;Gammaproteobacteria
OC1703_4000m_3000m_sens_contig_2645467,Pseudomonadota;Gammaproteobacteria
OC1703_4500m_3000m_sens_contig_2517785,Pseudomonadota;Gammaproteobacteria
OC1703_3000m_3000m_sens_contig_2011735,Pseudomonadota;Gammaproteobacteria
OC1703_4500m_3000m_sens_contig_1027690,Pseudomonadota;Gammaproteobacteria
OC1703_4000m_3000m_sens_contig_1759168,Pseudomonadota;Gammaproteobacteria
OC1703_4000m_2000m_sens_contig_3104848,Pseudomonadota;Gammaproteobacteria
OC1703_3500m_3000m_sens_contig_967215,Pseudomonadota;Gammaproteobacteria
OC1703_3000m_2000m_sens_contig_1349023,Pseudomonadota;Gammaproteobacteria
OC1703_4500m_2000m_sens_contig_2841499,Pseudomonadota;Gammaproteobacteria
OC1703_3500m_2000m_sens_contig_152343,Pseudomonadota;Gammaproteobacteria
OC1703_4500m_4000m_sens_contig_3697255,Pseudomonadota;Gammaproteobacteria
OC1703_3000m_150m_sens_contig_289507,Pseudomonadota;Gammaproteobacteria
OC1703_500m_50m_sens_contig_2948358,Pseudomonadota;Gammaproteobacteria
OC1703_3000m_1000m_sens_contig_3247673,Pseudomonadota;Gammaproteobacteria
OC1703_4000m_1000m_sens_contig_966130,Pseudomonadota;Gammaproteobacteria
OC1703_4500m_1000m_sens_contig_1217943,Pseudomonadota;Gammaproteobacteria
OC1703_3500m_150m_sens_contig_5586107,Pseudomonadota;Gammaproteobacteria
OC1703_3500m_1000m_sens_contig_1987460,Pseudomonadota;Gammaproteobacteria
OC1703_500m_500m_sens_contig_3643841,Pseudomonadota;Gammaproteobacteria
OC1703_3000m_150m_sens_contig_1395529,Actinomycetota
OC1703_4500m_150m_sens_contig_4960021,Actinomycetota
OC1703_3500m_150m_sens_contig_1936930,Actinomycetota
OC1703_500m_50m_sens_contig_2493861,Actinomycetota
OC1703_4500m_150m_sens_contig_4017498,Actinomycetota
OC1703_4500m_50m_sens_contig_376020,Actinomycetota
OC1703_4000m_50m_sens_contig_390554,Actinomycetota
OC1703_3500m_50m_sens_contig_1745339,Actinomycetota
OC1703_3000m_50m_sens_contig_3402636,Actinomycetota
OC1703_4000m_2000m_sens_contig_3659003,Actinomycetota
OC1703_3500m_2000m_sens_contig_1389897,Actinomycetota
OC1703_4500m_2000m_sens_contig_253718,Actinomycetota
OC1703_3000m_2000m_sens_contig_3432857,Actinomycetota
OC1703_3000m_500m_sens_contig_1255507,Actinomycetota
OC1703_3500m_500m_sens_contig_3317118,Actinomycetota
OC1703_4500m_1000m_sens_contig_1777892,Actinomycetota
OC1703_3000m_1000m_sens_contig_1534369,Actinomycetota
OC1703_3500m_1000m_sens_contig_2024782,Actinomycetota
OC1703_4000m_1000m_sens_contig_354566,Actinomycetota
OC1703_4500m_150m_sens_contig_4649665,Actinomycetota
OC1703_3000m_150m_sens_contig_2544920,Actinomycetota
OC1703_3500m_150m_sens_contig_2760245,Actinomycetota
OC1703_4000m_150m_sens_contig_200093,Actinomycetota
OC1703_500m_150m_sens_contig_912240,Actinomycetota
OC1703_500m_150m_sens_contig_1635656,Actinomycetota
OC1703_3000m_150m_sens_contig_456458,Actinomycetota
OC1703_3500m_150m_sens_contig_2524710,Actinomycetota
OC1703_4500m_500m_sens_contig_4385008,Actinomycetota
OC1703_4000m_500m_sens_contig_1181779,Actinomycetota
OC1703_3000m_500m_sens_contig_5334764,Actinomycetota
OC1703_3500m_500m_sens_contig_305722,Actinomycetota
OC1703_4000m_3000m_sens_contig_3090998,Actinomycetota
OC1703_3000m_3000m_sens_contig_430907,Actinomycetota
OC1703_4500m_3000m_sens_contig_4599683,Actinomycetota
OC1703_3500m_3000m_sens_contig_1096371,Actinomycetota
OC1703_4000m_50m_sens_contig_675095,Pseudomonadota;Gammaproteobacteria
OC1703_4500m_50m_sens_contig_5621673,Pseudomonadota;Gammaproteobacteria
OC1703_3000m_50m_sens_contig_4967875,Pseudomonadota;Gammaproteobacteria
OC1703_4500m_4000m_sens_contig_3781874,unclassified
OC1703_4500m_3000m_sens_contig_4762732,unclassifed
OC1703_4500m_2000m_sens_contig_1151537,Pseudomonadota;Gammaproteobacteria
OC1703_4500m_4000m_sens_contig_825657,Pseudomonadota;Gammaproteobacteria
OC1703_4000m_1000m_sens_contig_1270989,Pseudomonadota;Gammaproteobacteria
OC1703_4000m_2000m_sens_contig_3344179,Pseudomonadota;Gammaproteobacteria
OC1703_3000m_1000m_sens_contig_992368,Pseudomonadota;Gammaproteobacteria
OC1703_3500m_1000m_sens_contig_2349035,Pseudomonadota;Gammaproteobacteria
OC1703_4500m_3000m_sens_contig_2327013,Pseudomonadota;Gammaproteobacteria
OC1703_3000m_2000m_sens_contig_4680951,Pseudomonadota;Gammaproteobacteria
OC1703_4500m_4000m_sens_contig_1653540,Pseudomonadota;Gammaproteobacteria
OC1703_3000m_3000m_sens_contig_1314996,Pseudomonadota;Gammaproteobacteria
OC1703_3500m_3000m_sens_contig_2401737,Pseudomonadota;Gammaproteobacteria
OC1703_4000m_3000m_sens_contig_12370,Pseudomonadota;Gammaproteobacteria
OC1703_4500m_3000m_sens_contig_1168885,Pseudomonadota;Gammaproteobacteria
OC1703_4000m_1000m_sens_contig_3209957,Pseudomonadota;Gammaproteobacteria
OC1703_3500m_1000m_sens_contig_1189997,Pseudomonadota;Gammaproteobacteria
OC1703_4500m_4000m_sens_contig_2200913,Pseudomonadota;Gammaproteobacteria
OC1703_3000m_1000m_sens_contig_3039264,Pseudomonadota;Gammaproteobacteria
OC1703_4000m_2000m_sens_contig_3258459,Pseudomonadota;Gammaproteobacteria
OC1703_4500m_2000m_sens_contig_5166526,Pseudomonadota;Gammaproteobacteria
OC1703_3500m_2000m_sens_contig_2101212,Pseudomonadota;Gammaproteobacteria
OC1703_3000m_3000m_sens_contig_1295516,Pseudomonadota;Gammaproteobacteria
OC1703_3500m_3000m_sens_contig_1283459,Pseudomonadota;Gammaproteobacteria
OC1703_4500m_3000m_sens_contig_3623056,Pseudomonadota;Gammaproteobacteria
OC1703_4000m_3000m_sens_contig_2718583,Pseudomonadota;Gammaproteobacteria
OC1703_3000m_2000m_sens_contig_3686352,Pseudomonadota;Gammaproteobacteria
OC1703_4500m_1000m_sens_contig_4586827,Pseudomonadota;Gammaproteobacteria
OC1703_3000m_150m_sens_contig_5019440,Pseudomonadota;Gammaproteobacteria
OC1703_3500m_150m_sens_contig_1333210,Pseudomonadota;Gammaproteobacteria
OC1703_500m_150m_sens_contig_3546723,Pseudomonadota;Gammaproteobacteria
OC1703_3500m_150m_sens_contig_3880705,Pseudomonadota;Gammaproteobacteria
OC1703_3000m_150m_sens_contig_972766,Pseudomonadota;Gammaproteobacteria
OC1703_500m_50m_sens_contig_3797270,Pseudomonadota;Gammaproteobacteria
OC1703_3000m_50m_sens_contig_5235498,Pseudomonadota;Gammaproteobacteria
OC1703_4500m_150m_sens_contig_398009,Pseudomonadota;Gammaproteobacteria
OC1703_4000m_150m_sens_contig_242710,Pseudomonadota;Gammaproteobacteria
OC1703_4500m_150m_sens_contig_1351649,Pseudomonadota;Gammaproteobacteria
OC1703_3500m_150m_sens_contig_2384045,Pseudomonadota;Gammaproteobacteria
OC1703_500m_150m_sens_contig_648184,Pseudomonadota;Gammaproteobacteria
OC1703_3000m_150m_sens_contig_4115330,Pseudomonadota;Gammaproteobacteria
OC1703_4000m_2000m_sens_contig_705458,Pseudomonadota;Gammaproteobacteria
OC1703_3000m_150m_sens_contig_4091998,Pseudomonadota;Gammaproteobacteria
OC1703_3500m_2000m_sens_contig_1051941,Pseudomonadota;Gammaproteobacteria
OC1703_4500m_2000m_sens_contig_2448972,Pseudomonadota;Gammaproteobacteria
OC1703_500m_150m_sens_contig_905209,Pseudomonadota;Gammaproteobacteria
OC1703_3500m_500m_sens_contig_3327295,Pseudomonadota;Gammaproteobacteria
OC1703_3000m_2000m_sens_contig_1935762,Pseudomonadota;Gammaproteobacteria
OC1703_4500m_1000m_sens_contig_1804124,Pseudomonadota;Gammaproteobacteria
OC1703_3500m_1000m_sens_contig_1880512,Pseudomonadota;Gammaproteobacteria
OC1703_3000m_1000m_sens_contig_2422856,Pseudomonadota;Gammaproteobacteria
OC1703_3500m_150m_sens_contig_4133203,Pseudomonadota;Gammaproteobacteria
OC1703_4000m_150m_sens_contig_1720636,Pseudomonadota;Gammaproteobacteria
OC1703_3500m_150m_sens_contig_247516,Pseudomonadota;Gammaproteobacteria
OC1703_4500m_150m_sens_contig_10954,Pseudomonadota;Gammaproteobacteria
OC1703_3000m_50m_sens_contig_3429200,Pseudomonadota;Gammaproteobacteria
OC1703_3500m_50m_sens_contig_4081868,Pseudomonadota;Gammaproteobacteria
OC1703_3500m_50m_sens_contig_3900512,Actinomycetota
OC1703_3000m_50m_sens_contig_5616612,Actinomycetota
OC1703_500m_50m_sens_contig_599489,Actinomycetota
OC1703_3000m_3000m_sens_contig_2314766,Candidatus Thermoplasmatota
OC1703_500m_50m_sens_contig_1133737,Candidatus Thermoplasmatota
OC1703_3500m_50m_sens_contig_1169860,Candidatus Thermoplasmatota
OC1703_4500m_50m_sens_contig_5821374,Candidatus Thermoplasmatota
OC1703_3000m_150m_sens_contig_1263591,Planctomycetota
OC1703_4500m_4000m_sens_contig_4423524,Planctomycetota
OC1703_3000m_3000m_sens_contig_1783933,Planctomycetota
OC1703_4500m_4000m_sens_contig_3908508,unclassified
OC1703_4000m_150m_sens_contig_1826294,unclassified
OC1703_4000m_50m_sens_contig_2368782,Candidatus Thermoplasmatota
OC1703_3500m_50m_sens_contig_1631206,Candidatus Thermoplasmatota
OC1703_3000m_50m_sens_contig_2124881,Candidatus Thermoplasmatota
OC1703_4000m_50m_sens_contig_2049961,Candidatus Thermoplasmatota
OC1703_500m_50m_sens_contig_2345065,Candidatus Thermoplasmatota
OC1703_3500m_50m_sens_contig_1421117,Candidatus Thermoplasmatota
OC1703_3500m_50m_sens_contig_2991945,Candidatus Thermoplasmatota
OC1703_4500m_3000m_sens_contig_2145502,Candidatus Thermoplasmatota
OC1703_4000m_3000m_sens_contig_1803809,Candidatus Thermoplasmatota
OC1703_3500m_3000m_sens_contig_1025816,Candidatus Thermoplasmatota
OC1703_3000m_150m_sens_contig_568704,Candidatus Thermoplasmatota
OC1703_500m_150m_sens_contig_721397,Candidatus Thermoplasmatota
OC1703_3500m_150m_sens_contig_374076,Candidatus Thermoplasmatota
OC1703_3000m_3000m_sens_contig_2999119,Candidatus Thermoplasmatota
OC1703_500m_50m_sens_contig_1889243,Candidatus Thermoplasmatota
OC1703_4500m_50m_sens_contig_3330032,Candidatus Thermoplasmatota
OC1703_4000m_50m_sens_contig_236070,Candidatus Thermoplasmatota
OC1703_3500m_50m_sens_contig_490884,Candidatus Thermoplasmatota
OC1703_3500m_50m_sens_contig_3049796,Candidatus Thermoplasmatota
OC1703_3000m_50m_sens_contig_951475,Candidatus Thermoplasmatota
OC1703_3500m_50m_sens_contig_1578670,Candidatus Thermoplasmatota
OC1703_3500m_50m_sens_contig_734878,Candidatus Thermoplasmatota
OC1703_4500m_50m_sens_contig_4039421,Candidatus Thermoplasmatota
OC1703_3000m_50m_sens_contig_3730921,Candidatus Thermoplasmatota
OC1703_4000m_50m_sens_contig_2211973,Candidatus Thermoplasmatota
OC1703_3500m_50m_sens_contig_1877444,Candidatus Thermoplasmatota
OC1703_3500m_50m_sens_contig_4333830,Candidatus Thermoplasmatota
OC1703_3000m_1000m_sens_contig_4268687,Candidatus Thermoplasmatota
OC1703_500m_500m_sens_contig_874712,Candidatus Thermoplasmatota
OC1703_3500m_500m_sens_contig_3987706,Candidatus Thermoplasmatota
OC1703_3000m_500m_sens_contig_259902,Candidatus Thermoplasmatota
OC1703_4500m_1000m_sens_contig_1631117,Candidatus Thermoplasmatota
OC1703_4500m_500m_sens_contig_2773837,Candidatus Thermoplasmatota
OC1703_3000m_50m_sens_contig_5482021,Candidatus Thermoplasmatota
OC1703_3500m_50m_sens_contig_2759385,Candidatus Thermoplasmatota
OC1703_3500m_50m_sens_contig_1430109,Candidatus Thermoplasmatota
OC1703_3000m_50m_sens_contig_1112297,Candidatus Thermoplasmatota
OC1703_4000m_50m_sens_contig_765957,Candidatus Thermoplasmatota
OC1703_3000m_50m_sens_contig_3778165,Candidatus Thermoplasmatota
OC1703_3500m_50m_sens_contig_2690052,Candidatus Thermoplasmatota
OC1703_3000m_50m_sens_contig_2400904,Candidatus Thermoplasmatota
OC1703_4000m_50m_sens_contig_1089412,Candidatus Thermoplasmatota
OC1703_4500m_50m_sens_contig_6821578,Candidatus Thermoplasmatota
OC1703_500m_50m_sens_contig_562686,Candidatus Thermoplasmatota
OC1703_4500m_50m_sens_contig_6709390,Candidatus Thermoplasmatota
OC1703_4500m_50m_sens_contig_5920224,Candidatus Thermoplasmatota
OC1703_3500m_50m_sens_contig_2689497,Candidatus Thermoplasmatota
OC1703_4000m_50m_sens_contig_2590263,Candidatus Thermoplasmatota
OC1703_3500m_50m_sens_contig_1833977,Candidatus Thermoplasmatota
OC1703_3000m_50m_sens_contig_356932,Candidatus Thermoplasmatota
OC1703_3500m_50m_sens_contig_2266306,Candidatus Thermoplasmatota
OC1703_4000m_50m_sens_contig_1034644,Candidatus Thermoplasmatota
OC1703_4500m_50m_sens_contig_7201623,Candidatus Thermoplasmatota
OC1703_500m_50m_sens_contig_2694549,Candidatus Thermoplasmatota
OC1703_500m_50m_sens_contig_1871382,Candidatus Thermoplasmatota
OC1703_3000m_2000m_sens_contig_4414315,Candidatus Thermoplasmatota
OC1703_3000m_500m_sens_contig_1352765,Candidatus Thermoplasmatota
OC1703_4500m_500m_sens_contig_4340026,Candidatus Thermoplasmatota
OC1703_3000m_2000m_sens_contig_2115048,Candidatus Thermoplasmatota
OC1703_3000m_3000m_sens_contig_923234,Candidatus Thermoplasmatota
OC1703_3500m_2000m_sens_contig_416224,Candidatus Thermoplasmatota
OC1703_4500m_3000m_sens_contig_2304211,Candidatus Thermoplasmatota
OC1703_4000m_2000m_sens_contig_3602110,Candidatus Thermoplasmatota
OC1703_4500m_2000m_sens_contig_4084227,Candidatus Thermoplasmatota
OC1703_4500m_150m_sens_contig_5035319,Candidatus Thermoplasmatota
OC1703_4000m_150m_sens_contig_2694677,Candidatus Thermoplasmatota
OC1703_500m_150m_sens_contig_2986940,Candidatus Thermoplasmatota
OC1703_500m_150m_sens_contig_2644683,Candidatus Thermoplasmatota
OC1703_3500m_150m_sens_contig_4378831,Candidatus Thermoplasmatota
OC1703_500m_50m_sens_contig_3053631,Candidatus Thermoplasmatota
OC1703_3000m_500m_sens_contig_886182,Candidatus Thermoplasmatota
OC1703_3500m_500m_sens_contig_1464624,Candidatus Thermoplasmatota
OC1703_500m_50m_sens_contig_4093271,Candidatus Thermoplasmatota
OC1703_500m_150m_sens_contig_2177084,Candidatus Thermoplasmatota
OC1703_3500m_150m_sens_contig_1549256,Candidatus Thermoplasmatota
OC1703_3000m_150m_sens_contig_3415563,Candidatus Thermoplasmatota
OC1703_4500m_150m_sens_contig_4000273,Candidatus Thermoplasmatota
OC1703_4000m_150m_sens_contig_770091,Candidatus Thermoplasmatota
OC1703_4000m_150m_sens_contig_556806,Candidatus Thermoplasmatota
OC1703_4500m_150m_sens_contig_2688347,Candidatus Thermoplasmatota
OC1703_4000m_150m_sens_contig_400315,Candidatus Thermoplasmatota
OC1703_4500m_150m_sens_contig_3141291,Candidatus Thermoplasmatota
OC1703_4500m_150m_sens_contig_1980740,Candidatus Thermoplasmatota
OC1703_500m_50m_sens_contig_990982,Candidatus Thermoplasmatota
OC1703_500m_150m_sens_contig_4082033,Candidatus Thermoplasmatota
OC1703_3500m_150m_sens_contig_477451,Candidatus Thermoplasmatota
OC1703_4000m_150m_sens_contig_1452464,Candidatus Thermoplasmatota
OC1703_3000m_150m_sens_contig_4572504,Candidatus Thermoplasmatota
OC1703_4500m_4000m_sens_contig_1993120,Candidatus Thermoplasmatota
OC1703_3000m_3000m_sens_contig_3403604,Candidatus Thermoplasmatota
OC1703_3500m_3000m_sens_contig_1511412,Candidatus Thermoplasmatota
OC1703_4500m_150m_sens_contig_2655474,Candidatus Thermoplasmatota
OC1703_4500m_50m_sens_contig_183188,Candidatus Thermoplasmatota
OC1703_500m_50m_sens_contig_2450725,Candidatus Thermoplasmatota
OC1703_3000m_150m_sens_contig_2782442,Candidatus Thermoplasmatota
OC1703_3500m_150m_sens_contig_3412754,Candidatus Thermoplasmatota
OC1703_4000m_150m_sens_contig_2897310,Candidatus Thermoplasmatota
OC1703_4500m_150m_sens_contig_4451318,Candidatus Thermoplasmatota
OC1703_500m_150m_sens_contig_1612506,Candidatus Thermoplasmatota
OC1703_4500m_150m_sens_contig_5401379,Euryarchaeota
OC1703_4000m_50m_sens_contig_869250,Euryarchaeota
OC1703_3500m_50m_sens_contig_4191601,Candidatus Thermoplasmatota
OC1703_3000m_50m_sens_contig_5392403,Candidatus Thermoplasmatota
OC1703_4500m_50m_sens_contig_5328695,Candidatus Thermoplasmatota
OC1703_3000m_1000m_sens_contig_5269536,Candidatus Thermoplasmatota
OC1703_4000m_1000m_sens_contig_3263518,Candidatus Thermoplasmatota
OC1703_3500m_1000m_sens_contig_959199,Candidatus Thermoplasmatota
OC1703_4500m_1000m_sens_contig_2635847,Candidatus Thermoplasmatota
OC1703_3000m_2000m_sens_contig_629672,Candidatus Thermoplasmatota
OC1703_4500m_150m_sens_contig_4133106,Candidatus Thermoplasmatota
OC1703_4000m_150m_sens_contig_1755171,Candidatus Thermoplasmatota
OC1703_4500m_150m_sens_contig_2626437,Candidatus Thermoplasmatota
OC1703_4000m_150m_sens_contig_367404,Candidatus Thermoplasmatota
OC1703_3000m_150m_sens_contig_4469209,Candidatus Thermoplasmatota
OC1703_4500m_500m_sens_contig_1100450,Candidatus Thermoplasmatota
OC1703_3500m_500m_sens_contig_789535,Candidatus Thermoplasmatota
OC1703_500m_150m_sens_contig_1797602,Candidatus Thermoplasmatota
OC1703_4500m_150m_sens_contig_1288025,Candidatus Thermoplasmatota
OC1703_500m_500m_sens_contig_1442354,Candidatus Thermoplasmatota
OC1703_3500m_150m_sens_contig_3464640,Candidatus Thermoplasmatota
OC1703_4500m_150m_sens_contig_4823396,Candidatus Thermoplasmatota
OC1703_3000m_500m_sens_contig_5943688,Candidatus Thermoplasmatota
OC1703_500m_150m_sens_contig_3780096,Candidatus Thermoplasmatota
OC1703_4500m_1000m_sens_contig_2117502,Candidatus Thermoplasmatota
OC1703_3500m_500m_sens_contig_2951336,Candidatus Thermoplasmatota
OC1703_3000m_1000m_sens_contig_3014961,Candidatus Thermoplasmatota
OC1703_4500m_500m_sens_contig_4074191,Euryarchaeota
OC1703_4000m_150m_sens_contig_3977191,Candidatus Thermoplasmatota
OC1703_500m_150m_sens_contig_2680954,Candidatus Thermoplasmatota
OC1703_3000m_150m_sens_contig_1452692,Candidatus Thermoplasmatota
OC1703_3500m_500m_sens_contig_166935,Candidatus Thermoplasmatota
OC1703_4500m_500m_sens_contig_513458,Candidatus Thermoplasmatota
OC1703_3500m_500m_sens_contig_305590,Candidatus Thermoplasmatota
OC1703_4500m_500m_sens_contig_3806771,Candidatus Thermoplasmatota
OC1703_3000m_150m_sens_contig_1859147,Candidatus Thermoplasmatota
OC1703_3500m_150m_sens_contig_5186242,Candidatus Thermoplasmatota
OC1703_500m_150m_sens_contig_4069988,Candidatus Thermoplasmatota
OC1703_500m_50m_sens_contig_1650553,Candidatus Thermoplasmatota
OC1703_4500m_500m_sens_contig_942329,Candidatus Thermoplasmatota
OC1703_4500m_150m_sens_contig_4803008,Candidatus Thermoplasmatota
OC1703_3000m_500m_sens_contig_5876837,Candidatus Thermoplasmatota
OC1703_4000m_150m_sens_contig_951626,Candidatus Thermoplasmatota
OC1703_500m_500m_sens_contig_191946,Candidatus Thermoplasmatota
OC1703_3000m_150m_sens_contig_5331297,Candidatus Thermoplasmatota
OC1703_3500m_3000m_sens_contig_2987177,Candidatus Thermoplasmatota
OC1703_4500m_2000m_sens_contig_3095605,Candidatus Thermoplasmatota
OC1703_4000m_1000m_sens_contig_2655794,Candidatus Thermoplasmatota
OC1703_3000m_3000m_sens_contig_1317828,Candidatus Thermoplasmatota
OC1703_4000m_3000m_sens_contig_2506028,Candidatus Thermoplasmatota
OC1703_3500m_3000m_sens_contig_685576,Candidatus Thermoplasmatota
OC1703_3500m_1000m_sens_contig_1046751,Candidatus Thermoplasmatota
OC1703_3000m_3000m_sens_contig_2517444,Candidatus Thermoplasmatota
OC1703_4500m_3000m_sens_contig_3640430,Candidatus Thermoplasmatota
OC1703_3000m_3000m_sens_contig_2920738,Candidatus Thermoplasmatota
OC1703_4500m_2000m_sens_contig_1988853,Candidatus Thermoplasmatota
OC1703_4500m_1000m_sens_contig_3820982,Candidatus Thermoplasmatota
OC1703_3500m_3000m_sens_contig_3136754,Candidatus Thermoplasmatota
OC1703_4500m_2000m_sens_contig_4123149,Candidatus Thermoplasmatota
OC1703_3500m_2000m_sens_contig_3360037,Candidatus Thermoplasmatota
OC1703_4500m_4000m_sens_contig_2526533,Candidatus Thermoplasmatota
OC1703_3000m_2000m_sens_contig_1974764,Candidatus Thermoplasmatota
OC1703_4500m_3000m_sens_contig_5111653,Candidatus Thermoplasmatota
OC1703_3500m_1000m_sens_contig_1963463,Candidatus Thermoplasmatota
OC1703_3000m_1000m_sens_contig_374389,Candidatus Thermoplasmatota
OC1703_3500m_2000m_sens_contig_3779437,Candidatus Thermoplasmatota
OC1703_4000m_2000m_sens_contig_2473478,Candidatus Thermoplasmatota
OC1703_4000m_3000m_sens_contig_1831043,Candidatus Thermoplasmatota
OC1703_4500m_4000m_sens_contig_1663842,Candidatus Thermoplasmatota
OC1703_4500m_2000m_sens_contig_4203338,Candidatus Thermoplasmatota
OC1703_3000m_1000m_sens_contig_799549,Candidatus Thermoplasmatota
OC1703_3000m_2000m_sens_contig_4244776,Candidatus Thermoplasmatota
OC1703_4500m_500m_sens_contig_1647280,Candidatus Thermoplasmatota
OC1703_4000m_2000m_sens_contig_1945247,Candidatus Thermoplasmatota
OC1703_3000m_2000m_sens_contig_2438509,Candidatus Thermoplasmatota
OC1703_3000m_2000m_sens_contig_2253686,Candidatus Thermoplasmatota
OC1703_4000m_2000m_sens_contig_1431531,Candidatus Thermoplasmatota
OC1703_3500m_500m_sens_contig_361441,Candidatus Thermoplasmatota
OC1703_4000m_3000m_sens_contig_1388844,Candidatus Thermoplasmatota
OC1703_3500m_2000m_sens_contig_3837063,Candidatus Thermoplasmatota
OC1703_3500m_150m_sens_contig_4008030,Candidatus Thermoplasmatota
OC1703_500m_150m_sens_contig_3294752,Candidatus Thermoplasmatota
OC1703_4500m_150m_sens_contig_1958850,Candidatus Thermoplasmatota
OC1703_4500m_50m_sens_contig_11553,Candidatus Thermoplasmatota
OC1703_4000m_50m_sens_contig_2034330,Candidatus Thermoplasmatota
OC1703_4500m_150m_sens_contig_2758783,Candidatus Thermoplasmatota
OC1703_4500m_2000m_sens_contig_4156076,Candidatus Thermoplasmatota
OC1703_3000m_2000m_sens_contig_4333435,Candidatus Thermoplasmatota
OC1703_4500m_3000m_sens_contig_4442569,Candidatus Thermoplasmatota
OC1703_3500m_2000m_sens_contig_1392913,Candidatus Thermoplasmatota
OC1703_4000m_1000m_sens_contig_2091781,Candidatus Thermoplasmatota
OC1703_3500m_150m_sens_contig_3274737,Candidatus Thermoplasmatota
OC1703_3000m_1000m_sens_contig_988377,Candidatus Thermoplasmatota
OC1703_500m_150m_sens_contig_2233104,Candidatus Thermoplasmatota
OC1703_3500m_1000m_sens_contig_696177,Candidatus Thermoplasmatota
OC1703_4500m_500m_sens_contig_4772710,Candidatus Thermoplasmatota
OC1703_3500m_150m_sens_contig_3997186,Candidatus Thermoplasmatota
OC1703_4000m_150m_sens_contig_3782169,Candidatus Thermoplasmatota
OC1703_4500m_500m_sens_contig_3464731,Candidatus Thermoplasmatota
OC1703_4500m_150m_sens_contig_3432452,Candidatus Thermoplasmatota
OC1703_3500m_500m_sens_contig_284118,Candidatus Thermoplasmatota
OC1703_4000m_500m_sens_contig_3276189,Candidatus Thermoplasmatota
OC1703_4000m_150m_sens_contig_1760457,Candidatus Thermoplasmatota
OC1703_4500m_150m_sens_contig_1978820,Candidatus Thermoplasmatota
OC1703_4500m_4000m_sens_contig_2117789,Planctomycetota
OC1703_4500m_2000m_sens_contig_2808663,Planctomycetota
OC1703_3500m_2000m_sens_contig_3122900,Planctomycetota
OC1703_4500m_3000m_sens_contig_3234219,Planctomycetota
OC1703_4500m_150m_sens_contig_1876192,Candidatus Thermoplasmatota
OC1703_4500m_150m_sens_contig_3025103,Candidatus Thermoplasmatota
OC1703_4500m_50m_sens_contig_5047004,Candidatus Thermoplasmatota
OC1703_4000m_50m_sens_contig_2610375,Candidatus Thermoplasmatota
OC1703_4500m_50m_sens_contig_2881130,Candidatus Thermoplasmatota
OC1703_3500m_50m_sens_contig_2617559,Candidatus Thermoplasmatota
OC1703_4500m_50m_sens_contig_6796819,Candidatus Thermoplasmatota
OC1703_3500m_50m_sens_contig_1531215,Euryarchaeota
OC1703_3500m_50m_sens_contig_2997204,Candidatus Thermoplasmatota
OC1703_3000m_50m_sens_contig_1230589,Candidatus Thermoplasmatota
OC1703_3500m_50m_sens_contig_1525448,Candidatus Thermoplasmatota
OC1703_3000m_50m_sens_contig_4793982,Candidatus Thermoplasmatota
OC1703_3500m_50m_sens_contig_1416413,Candidatus Thermoplasmatota
OC1703_3000m_50m_sens_contig_1930031,Candidatus Thermoplasmatota
OC1703_4500m_50m_sens_contig_177564,Candidatus Thermoplasmatota
OC1703_4000m_50m_sens_contig_1185922,Candidatus Thermoplasmatota
OC1703_3500m_50m_sens_contig_3261747,Candidatus Thermoplasmatota
OC1703_3000m_50m_sens_contig_230874,Candidatus Thermoplasmatota
OC1703_3500m_50m_sens_contig_46122,Candidatus Thermoplasmatota
OC1703_500m_50m_sens_contig_2993401,Candidatus Thermoplasmatota
OC1703_3000m_50m_sens_contig_3572137,Candidatus Thermoplasmatota
OC1703_3500m_50m_sens_contig_3050260,Candidatus Thermoplasmatota
OC1703_3500m_50m_sens_contig_282178,Candidatus Thermoplasmatota
OC1703_3000m_50m_sens_contig_4481272,Candidatus Thermoplasmatota
OC1703_4000m_50m_sens_contig_532970,Candidatus Thermoplasmatota
OC1703_4500m_50m_sens_contig_2280627,Candidatus Thermoplasmatota
OC1703_4500m_50m_sens_contig_1057794,Candidatus Thermoplasmatota
OC1703_500m_50m_sens_contig_1256577,Candidatus Thermoplasmatota
OC1703_3000m_150m_sens_contig_282214,Candidatus Thermoplasmatota
OC1703_500m_150m_sens_contig_1621165,Candidatus Thermoplasmatota
OC1703_3000m_3000m_sens_contig_3440445,Candidatus Thermoplasmatota
OC1703_4500m_4000m_sens_contig_3261486,Candidatus Thermoplasmatota
OC1703_500m_500m_sens_contig_3096882,Candidatus Thermoplasmatota
OC1703_3000m_2000m_sens_contig_4105591,Candidatus Thermoplasmatota
OC1703_500m_50m_sens_contig_3729539,Candidatus Thermoplasmatota
OC1703_4000m_150m_sens_contig_637973,Candidatus Thermoplasmatota
OC1703_3000m_150m_sens_contig_3875031,Candidatus Thermoplasmatota
OC1703_3000m_3000m_sens_contig_3429725,Candidatus Thermoplasmatota
OC1703_3000m_50m_sens_contig_4213689,Candidatus Thermoplasmatota
OC1703_4500m_50m_sens_contig_617615,Candidatus Thermoplasmatota
OC1703_3500m_50m_sens_contig_2629711,Candidatus Thermoplasmatota
OC1703_4500m_4000m_sens_contig_4290501,Candidatus Thermoplasmatota
OC1703_500m_50m_sens_contig_1842304,Candidatus Thermoplasmatota
OC1703_3000m_3000m_sens_contig_3160303,Candidatus Thermoplasmatota
OC1703_3500m_50m_sens_contig_374636,Candidatus Thermoplasmatota
OC1703_4500m_150m_sens_contig_2552834,Euryarchaeota
OC1703_4500m_50m_sens_contig_2891806,Pseudomonadota;Alphaproteobacteria
OC1703_4500m_50m_sens_contig_548316,Pseudomonadota;Alphaproteobacteria
OC1703_3500m_50m_sens_contig_760203,Pseudomonadota;Alphaproteobacteria
OC1703_3500m_3000m_sens_contig_2341457,Pseudomonadota;Alphaproteobacteria
OC1703_3500m_2000m_sens_contig_113389,Pseudomonadota;Alphaproteobacteria
OC1703_4000m_2000m_sens_contig_1640751,Pseudomonadota;Alphaproteobacteria
OC1703_4500m_2000m_sens_contig_1531561,Pseudomonadota;Alphaproteobacteria
OC1703_4500m_3000m_sens_contig_861670,Pseudomonadota;Alphaproteobacteria
OC1703_3000m_3000m_sens_contig_2531889,Pseudomonadota;Alphaproteobacteria
OC1703_3500m_1000m_sens_contig_2997386,Pseudomonadota;Alphaproteobacteria
OC1703_4500m_150m_sens_contig_1373032,Pseudomonadota;Alphaproteobacteria
OC1703_3500m_150m_sens_contig_4549958,Pseudomonadota;Alphaproteobacteria
OC1703_4500m_150m_sens_contig_1399039,Pseudomonadota;Alphaproteobacteria
OC1703_4000m_150m_sens_contig_4101503,Pseudomonadota;Alphaproteobacteria
OC1703_3000m_50m_sens_contig_1008739,Actinomycetota
OC1703_4500m_50m_sens_contig_6530687,Actinomycetota
OC1703_4000m_150m_sens_contig_2734243,Actinomycetota
OC1703_3500m_150m_sens_contig_4752073,Actinomycetota
OC1703_500m_150m_sens_contig_1522721,Actinomycetota
OC1703_3000m_150m_sens_contig_4715130,Actinomycetota
OC1703_4500m_150m_sens_contig_5265695,Actinomycetota
OC1703_500m_50m_sens_contig_3383536,Actinomycetota
OC1703_500m_50m_sens_contig_4098548,Actinomycetota
OC1703_4000m_150m_sens_contig_1677850,Actinomycetota
OC1703_3500m_150m_sens_contig_2034272,Actinomycetota
OC1703_3500m_150m_sens_contig_2034837,Actinomycetota
OC1703_4500m_150m_sens_contig_4992198,Actinomycetota
OC1703_500m_150m_sens_contig_210512,Actinomycetota
OC1703_500m_150m_sens_contig_2224986,Actinomycetota
OC1703_3000m_150m_sens_contig_568400,Actinomycetota
OC1703_3000m_150m_sens_contig_1625045,Actinomycetota
OC1703_4500m_150m_sens_contig_5558473,Actinomycetota
OC1703_4500m_150m_sens_contig_5576876,Actinomycetota
OC1703_4500m_150m_sens_contig_177288,Actinomycetota
OC1703_3500m_50m_sens_contig_641444,Cyanobacteriota
OC1703_3500m_50m_sens_contig_743252,Cyanobacteriota
OC1703_4000m_50m_sens_contig_1686754,Cyanobacteriota
OC1703_4000m_50m_sens_contig_633726,Cyanobacteriota
OC1703_4500m_50m_sens_contig_4746399,Cyanobacteriota
OC1703_3500m_50m_sens_contig_3764312,Cyanobacteriota
OC1703_4000m_50m_sens_contig_3180675,Cyanobacteriota
OC1703_4500m_50m_sens_contig_1069806,Cyanobacteriota
OC1703_3000m_50m_sens_contig_2711789,Cyanobacteriota
OC1703_4000m_50m_sens_contig_1110244,Cyanobacteriota
OC1703_4500m_4000m_sens_contig_3003535,Pseudomonadota;Alphaproteobacteria
OC1703_4500m_3000m_sens_contig_2782024,Pseudomonadota;Alphaproteobacteria
OC1703_4500m_50m_sens_contig_3866856,Pseudomonadota;Gammaproteobacteria
OC1703_3000m_1000m_sens_contig_1456546,Pseudomonadota;Gammaproteobacteria
OC1703_4000m_1000m_sens_contig_4626076,Pseudomonadota;Gammaproteobacteria
OC1703_4500m_1000m_sens_contig_3285220,Pseudomonadota;Gammaproteobacteria
OC1703_3500m_1000m_sens_contig_529181,Pseudomonadota;Gammaproteobacteria
OC1703_3000m_3000m_sens_contig_748191,Pseudomonadota;Gammaproteobacteria
OC1703_3500m_3000m_sens_contig_1060487,Pseudomonadota;Gammaproteobacteria
OC1703_4500m_150m_sens_contig_914706,Pseudomonadota;Gammaproteobacteria
OC1703_4000m_150m_sens_contig_3987352,Pseudomonadota;Gammaproteobacteria
OC1703_3000m_150m_sens_contig_1545896,Pseudomonadota;Gammaproteobacteria
OC1703_500m_50m_sens_contig_4305595,Pseudomonadota;Gammaproteobacteria
OC1703_3000m_150m_sens_contig_1300643,Pseudomonadota;Gammaproteobacteria
OC1703_3000m_50m_sens_contig_4704639,Pseudomonadota;Gammaproteobacteria
OC1703_3000m_150m_sens_contig_5713498,Pseudomonadota;Gammaproteobacteria
OC1703_3500m_150m_sens_contig_815608,Pseudomonadota;Gammaproteobacteria
OC1703_500m_150m_sens_contig_3008315,Pseudomonadota;Gammaproteobacteria
OC1703_3000m_50m_sens_contig_2422738,Pseudomonadota;Gammaproteobacteria
OC1703_500m_50m_sens_contig_214369,Pseudomonadota;Gammaproteobacteria
OC1703_3000m_50m_sens_contig_3344320,Pseudomonadota;Gammaproteobacteria
OC1703_3500m_50m_sens_contig_2347682,Pseudomonadota;Gammaproteobacteria
OC1703_4500m_50m_sens_contig_3753466,Pseudomonadota;Gammaproteobacteria
OC1703_4500m_150m_sens_contig_3019101,Pseudomonadota;Alphaproteobacteria
OC1703_3000m_1000m_sens_contig_4956555,Pseudomonadota;Alphaproteobacteria
OC1703_4000m_2000m_sens_contig_3221003,Pseudomonadota;Alphaproteobacteria
OC1703_4500m_2000m_sens_contig_71602,Pseudomonadota;Alphaproteobacteria
OC1703_4000m_150m_sens_contig_2286747,Pseudomonadota;Gammaproteobacteria
OC1703_4500m_150m_sens_contig_379126,Pseudomonadota;Gammaproteobacteria
OC1703_4500m_4000m_sens_contig_2090962,Pseudomonadota;Gammaproteobacteria
OC1703_4500m_1000m_sens_contig_1847711,Pseudomonadota;Gammaproteobacteria
OC1703_4000m_2000m_sens_contig_2045155,Pseudomonadota;Gammaproteobacteria
OC1703_3500m_2000m_sens_contig_3030222,Pseudomonadota;Gammaproteobacteria
OC1703_4000m_3000m_sens_contig_144616,Pseudomonadota;Gammaproteobacteria
OC1703_4500m_3000m_sens_contig_1889869,Pseudomonadota;Gammaproteobacteria
OC1703_3000m_2000m_sens_contig_4823180,Pseudomonadota;Gammaproteobacteria
OC1703_3000m_1000m_sens_contig_4589420,Pseudomonadota;Gammaproteobacteria
OC1703_3500m_3000m_sens_contig_1775544,Pseudomonadota;Gammaproteobacteria
OC1703_3000m_3000m_sens_contig_809797,Pseudomonadota;Gammaproteobacteria
OC1703_4500m_2000m_sens_contig_5109055,Pseudomonadota;Gammaproteobacteria
OC1703_4000m_150m_sens_contig_2042694,Pseudomonadota;Gammaproteobacteria
OC1703_4500m_150m_sens_contig_3299643,Pseudomonadota;Gammaproteobacteria
OC1703_500m_500m_sens_contig_3356446,Actinomycetota
OC1703_3500m_1000m_sens_contig_134495,Actinomycetota
OC1703_3000m_2000m_sens_contig_2904682,Actinomycetota
OC1703_3500m_2000m_sens_contig_2102460,Actinomycetota
OC1703_3000m_1000m_sens_contig_3010388,Actinomycetota
OC1703_3500m_150m_sens_contig_5655089,Actinomycetota
OC1703_500m_150m_sens_contig_1605168,Actinomycetota
OC1703_500m_50m_sens_contig_3436083,Actinomycetota
OC1703_4500m_150m_sens_contig_2938030,Actinomycetota
OC1703_3500m_150m_sens_contig_4547600,Actinomycetota
OC1703_500m_50m_sens_contig_2033200,Actinomycetota
OC1703_3500m_1000m_sens_contig_2363855,Actinomycetota
OC1703_500m_150m_sens_contig_485282,Actinomycetota
OC1703_4000m_150m_sens_contig_276741,Actinomycetota
OC1703_3000m_150m_sens_contig_5469914,Actinomycetota
OC1703_4500m_150m_sens_contig_5610462,Actinomycetota
OC1703_3000m_1000m_sens_contig_4499679,Actinomycetota
OC1703_3000m_500m_sens_contig_5610803,Actinomycetota
OC1703_4000m_500m_sens_contig_2329689,Actinomycetota
OC1703_4500m_500m_sens_contig_2265567,Actinomycetota
OC1703_3500m_500m_sens_contig_2659806,Actinomycetota
OC1703_4500m_500m_sens_contig_3552876,Actinomycetota
OC1703_500m_150m_sens_contig_3767349,Actinomycetota
OC1703_500m_50m_sens_contig_3451116,Actinomycetota
OC1703_4500m_150m_sens_contig_752911,Actinomycetota
OC1703_4000m_150m_sens_contig_3073899,Actinomycetota
OC1703_3500m_150m_sens_contig_3076137,Actinomycetota
OC1703_3000m_500m_sens_contig_1317966,Actinomycetota
OC1703_3500m_500m_sens_contig_2346601,Actinomycetota
OC1703_4000m_500m_sens_contig_516772,Actinomycetota
OC1703_3000m_500m_sens_contig_2100971,Actinomycetota
OC1703_3500m_150m_sens_contig_2449051,Actinomycetota
OC1703_4500m_3000m_sens_contig_2281357,Actinomycetota
OC1703_4500m_4000m_sens_contig_3915565,Actinomycetota
OC1703_3000m_3000m_sens_contig_1036163,Actinomycetota
OC1703_4000m_3000m_sens_contig_348398,Actinomycetota
OC1703_3500m_3000m_sens_contig_2410394,Actinomycetota
OC1703_3500m_500m_sens_contig_18046,Actinomycetota
OC1703_500m_500m_sens_contig_1226285,Actinomycetota
OC1703_4000m_1000m_sens_contig_2116122,Actinomycetota
OC1703_500m_150m_sens_contig_3732608,Actinomycetota
OC1703_4000m_500m_sens_contig_817473,Actinomycetota
OC1703_3500m_150m_sens_contig_3771322,Actinomycetota
OC1703_4500m_2000m_sens_contig_2760071,Actinomycetota
OC1703_3000m_150m_sens_contig_1598373,Actinomycetota
OC1703_3500m_1000m_sens_contig_693771,Actinomycetota
OC1703_4500m_500m_sens_contig_5438070,Actinomycetota
OC1703_3000m_2000m_sens_contig_1967659,Actinomycetota
OC1703_3000m_500m_sens_contig_1765368,Actinomycetota
OC1703_3500m_2000m_sens_contig_1979563,Actinomycetota
OC1703_4500m_1000m_sens_contig_1366080,Actinomycetota
OC1703_4000m_2000m_sens_contig_43141,Actinomycetota
OC1703_4500m_150m_sens_contig_1480606,Actinomycetota
OC1703_3000m_1000m_sens_contig_2356751,Actinomycetota
OC1703_4000m_2000m_sens_contig_2639999,Actinomycetota
OC1703_4500m_4000m_sens_contig_4253247,Actinomycetota
OC1703_4000m_2000m_sens_contig_2043365,Actinomycetota
OC1703_3500m_2000m_sens_contig_218597,Actinomycetota
OC1703_3000m_2000m_sens_contig_2195637,Actinomycetota
OC1703_4500m_2000m_sens_contig_2585291,Actinomycetota
OC1703_3500m_3000m_sens_contig_1305325,Actinomycetota
OC1703_4000m_3000m_sens_contig_25939,Actinomycetota
OC1703_4500m_3000m_sens_contig_661630,Actinomycetota
OC1703_3000m_3000m_sens_contig_3139041,Actinomycetota
OC1703_3500m_1000m_sens_contig_2861878,Actinomycetota
OC1703_500m_500m_sens_contig_29446,Actinomycetota
OC1703_3500m_500m_sens_contig_2639918,Actinomycetota
OC1703_4000m_500m_sens_contig_876192,Actinomycetota
OC1703_4500m_1000m_sens_contig_752456,Actinomycetota
OC1703_4000m_1000m_sens_contig_3403637,Actinomycetota
OC1703_3000m_1000m_sens_contig_4742538,Actinomycetota
OC1703_3000m_500m_sens_contig_3674120,Actinomycetota
OC1703_4500m_500m_sens_contig_2386306,Actinomycetota
OC1703_4500m_1000m_sens_contig_1133856,Actinomycetota
OC1703_4000m_1000m_sens_contig_3562590,Actinomycetota
OC1703_3000m_2000m_sens_contig_2784413,Actinomycetota
OC1703_3500m_500m_sens_contig_2817317,Actinomycetota
OC1703_3500m_1000m_sens_contig_785898,Actinomycetota
OC1703_4500m_2000m_sens_contig_4970743,Actinomycetota
OC1703_3000m_1000m_sens_contig_3009027,Actinomycetota
OC1703_4000m_2000m_sens_contig_320687,Actinomycetota
OC1703_3500m_2000m_sens_contig_382853,Actinomycetota
OC1703_4500m_4000m_sens_contig_3173309,Actinomycetota
OC1703_3000m_3000m_sens_contig_2700690,Actinomycetota
OC1703_3000m_500m_sens_contig_2612904,Actinomycetota
OC1703_3500m_1000m_sens_contig_3699828,Actinomycetota
OC1703_3500m_2000m_sens_contig_2438562,Actinomycetota
OC1703_4500m_2000m_sens_contig_4179141,Actinomycetota
OC1703_3000m_2000m_sens_contig_584386,Actinomycetota
OC1703_4500m_500m_sens_contig_3776385,Actinomycetota
OC1703_3000m_1000m_sens_contig_734294,Actinomycetota
OC1703_4000m_500m_sens_contig_1136627,Actinomycetota
OC1703_3500m_500m_sens_contig_37388,Actinomycetota
OC1703_3000m_1000m_sens_contig_2692335,Actinomycetota
OC1703_4000m_2000m_sens_contig_1363970,Actinomycetota
OC1703_4500m_3000m_sens_contig_290194,Actinomycetota
OC1703_4500m_1000m_sens_contig_1071965,Actinomycetota
OC1703_3500m_3000m_sens_contig_3335121,Actinomycetota
OC1703_4000m_2000m_sens_contig_1279626,Actinomycetota
OC1703_3000m_2000m_sens_contig_2229209,Actinomycetota
OC1703_4500m_1000m_sens_contig_2532500,Actinomycetota
OC1703_3500m_3000m_sens_contig_3334892,Actinomycetota
OC1703_3000m_500m_sens_contig_2195632,Actinomycetota
OC1703_3500m_150m_sens_contig_2873957,Actinomycetota
OC1703_3000m_2000m_sens_contig_871344,Pseudomonadota;Gammaproteobacteria
OC1703_3000m_3000m_sens_contig_2792304,Pseudomonadota;Gammaproteobacteria
OC1703_3000m_1000m_sens_contig_289225,Pseudomonadota;Gammaproteobacteria
OC1703_3000m_1000m_sens_contig_29237,Pseudomonadota;Gammaproteobacteria
OC1703_3000m_1000m_sens_contig_4358231,Pseudomonadota;Gammaproteobacteria
OC1703_3500m_150m_sens_contig_3234049,Pseudomonadota;Gammaproteobacteria
OC1703_500m_150m_sens_contig_3962376,Pseudomonadota;Gammaproteobacteria
OC1703_4500m_150m_sens_contig_5580691,Pseudomonadota;Gammaproteobacteria
OC1703_4000m_150m_sens_contig_3075461,Pseudomonadota;Gammaproteobacteria
OC1703_3000m_150m_sens_contig_4789643,Pseudomonadota;Gammaproteobacteria
OC1703_3000m_500m_sens_contig_187094,Pseudomonadota;Gammaproteobacteria
OC1703_3500m_500m_sens_contig_1841059,Pseudomonadota;Gammaproteobacteria
OC1703_3500m_2000m_sens_contig_553135,Pseudomonadota;Gammaproteobacteria
OC1703_500m_500m_sens_contig_422643,Pseudomonadota;Gammaproteobacteria
OC1703_3000m_150m_sens_contig_2617877,Pseudomonadota;Gammaproteobacteria
OC1703_4000m_2000m_sens_contig_2584894,Pseudomonadota;Gammaproteobacteria
OC1703_3500m_500m_sens_contig_204048,Pseudomonadota;Gammaproteobacteria
OC1703_500m_150m_sens_contig_2177232,Pseudomonadota;Gammaproteobacteria
OC1703_4500m_2000m_sens_contig_4054596,Pseudomonadota;Gammaproteobacteria
OC1703_4500m_500m_sens_contig_1688829,Pseudomonadota;Gammaproteobacteria
OC1703_3000m_2000m_sens_contig_42158,Pseudomonadota;Gammaproteobacteria
OC1703_4500m_150m_sens_contig_959219,Pseudomonadota;Alphaproteobacteria
OC1703_4500m_500m_sens_contig_3919962,Pseudomonadota;Alphaproteobacteria
OC1703_3000m_1000m_sens_contig_2348372,Pseudomonadota;Alphaproteobacteria
OC1703_3000m_500m_sens_contig_1933793,Pseudomonadota;Alphaproteobacteria
OC1703_4000m_1000m_sens_contig_3442044,Pseudomonadota;Alphaproteobacteria
OC1703_4000m_2000m_sens_contig_937054,Pseudomonadota;Alphaproteobacteria
OC1703_3500m_2000m_sens_contig_208281,Pseudomonadota;Alphaproteobacteria
OC1703_3000m_2000m_sens_contig_158881,Pseudomonadota;Alphaproteobacteria
OC1703_4000m_1000m_sens_contig_868890,Pseudomonadota;Alphaproteobacteria
OC1703_4500m_2000m_sens_contig_550076,Pseudomonadota;Alphaproteobacteria
OC1703_4500m_3000m_sens_contig_4254442,Pseudomonadota;Alphaproteobacteria
OC1703_4500m_4000m_sens_contig_3765044,Pseudomonadota;Alphaproteobacteria
OC1703_4000m_3000m_sens_contig_71744,Pseudomonadota;Alphaproteobacteria
OC1703_4000m_2000m_sens_contig_1672432,Pseudomonadota;Alphaproteobacteria
OC1703_3500m_2000m_sens_contig_917243,Pseudomonadota;Alphaproteobacteria
OC1703_4500m_2000m_sens_contig_4892619,Pseudomonadota;Alphaproteobacteria
OC1703_3500m_3000m_sens_contig_3092843,Pseudomonadota;Alphaproteobacteria
OC1703_3000m_3000m_sens_contig_135740,Pseudomonadota;Alphaproteobacteria
OC1703_3000m_2000m_sens_contig_3699641,Pseudomonadota;Alphaproteobacteria
OC1703_3500m_1000m_sens_contig_2465867,Pseudomonadota;Alphaproteobacteria
OC1703_4000m_1000m_sens_contig_193276,Pseudomonadota;Alphaproteobacteria
OC1703_3000m_1000m_sens_contig_1295659,Pseudomonadota;Alphaproteobacteria
OC1703_3000m_50m_sens_contig_5131630,Actinomycetota
OC1703_3500m_50m_sens_contig_1132611,Actinomycetota
OC1703_3000m_50m_sens_contig_2330747,Actinomycetota
OC1703_4500m_4000m_sens_contig_3331428,Gemmatimonadota
OC1703_4500m_3000m_sens_contig_419631,Gemmatimonadota
OC1703_4000m_3000m_sens_contig_523179,Gemmatimonadota
OC1703_3000m_3000m_sens_contig_2648264,Gemmatimonadota
OC1703_3500m_2000m_sens_contig_1060587,Gemmatimonadota
OC1703_3500m_3000m_sens_contig_1616270,Gemmatimonadota
OC1703_4500m_2000m_sens_contig_950968,Gemmatimonadota
OC1703_4000m_1000m_sens_contig_3064797,Gemmatimonadota
OC1703_3000m_2000m_sens_contig_1934887,Gemmatimonadota
OC1703_3000m_3000m_sens_contig_3282627,Gemmatimonadota
OC1703_4500m_3000m_sens_contig_1070348,Gemmatimonadota
OC1703_3000m_3000m_sens_contig_1459754,Pseudomonadota;Alphaproteobacteria
OC1703_3500m_3000m_sens_contig_2605170,Pseudomonadota;Alphaproteobacteria
OC1703_3000m_50m_sens_contig_5668701,Pseudomonadota;Alphaproteobacteria
OC1703_4500m_4000m_sens_contig_1401296,Pseudomonadota;Alphaproteobacteria
OC1703_4500m_3000m_sens_contig_2752247,Pseudomonadota;Alphaproteobacteria
OC1703_4500m_1000m_sens_contig_613691,Pseudomonadota;Alphaproteobacteria
OC1703_4500m_2000m_sens_contig_4789565,Nitrospinota
OC1703_4500m_4000m_sens_contig_1023617,Nitrospinota
OC1703_4500m_2000m_sens_contig_2386907,Pseudomonadota;Alphaproteobacteria
OC1703_4500m_4000m_sens_contig_898248,Pseudomonadota;Alphaproteobacteria
OC1703_500m_50m_sens_contig_3078901,Pseudomonadota;Alphaproteobacteria
OC1703_3000m_150m_sens_contig_3923362,Pseudomonadota;Alphaproteobacteria
OC1703_4500m_150m_sens_contig_2856431,Pseudomonadota;Alphaproteobacteria
OC1703_4500m_3000m_sens_contig_526844,Pseudomonadota;Alphaproteobacteria
OC1703_4500m_4000m_sens_contig_359415,Pseudomonadota;Alphaproteobacteria
OC1703_3500m_3000m_sens_contig_2206367,Pseudomonadota;Alphaproteobacteria
OC1703_3000m_3000m_sens_contig_3106428,Pseudomonadota;Alphaproteobacteria
OC1703_4000m_3000m_sens_contig_2664477,Pseudomonadota;Alphaproteobacteria
OC1703_4500m_4000m_sens_contig_3078618,Pseudomonadota;Alphaproteobacteria
OC1703_4500m_4000m_sens_contig_3393515,Pseudomonadota;Alphaproteobacteria
OC1703_4000m_2000m_sens_contig_1865451,Pseudomonadota;Alphaproteobacteria
OC1703_4500m_2000m_sens_contig_774948,Pseudomonadota;Alphaproteobacteria
OC1703_4500m_150m_sens_contig_4932581,Pseudomonadota;Alphaproteobacteria
OC1703_4500m_4000m_sens_contig_1060102,Pseudomonadota;Alphaproteobacteria
OC1703_4500m_150m_sens_contig_2055712,Pseudomonadota;Alphaproteobacteria
OC1703_3500m_150m_sens_contig_151986,Pseudomonadota;Alphaproteobacteria
OC1703_3000m_500m_sens_contig_4049189,Pseudomonadota;Alphaproteobacteria
OC1703_4500m_4000m_sens_contig_4233926,Pseudomonadota;Alphaproteobacteria
OC1703_4500m_2000m_sens_contig_3172419,Pseudomonadota;Alphaproteobacteria
OC1703_4500m_3000m_sens_contig_2412774,Gemmatimonadota
OC1703_4500m_2000m_sens_contig_439543,Gemmatimonadota
OC1703_4500m_4000m_sens_contig_920716,Gemmatimonadota
OC1703_4000m_2000m_sens_contig_2431021,Gemmatimonadota
OC1703_3500m_3000m_sens_contig_303472,Acidobacteriota
OC1703_3000m_50m_sens_contig_1448675,Pseudomonadota;Alphaproteobacteria
OC1703_3500m_50m_sens_contig_1370491,Pseudomonadota;Alphaproteobacteria
OC1703_4000m_50m_sens_contig_3488560,Pseudomonadota;Alphaproteobacteria
OC1703_500m_50m_sens_contig_419549,Pseudomonadota;Alphaproteobacteria
OC1703_4500m_150m_sens_contig_2370861,Pseudomonadota;Alphaproteobacteria
OC1703_3000m_50m_sens_contig_1958042,Pseudomonadota;Alphaproteobacteria
OC1703_4500m_500m_sens_contig_5775611,Pseudomonadota;Alphaproteobacteria
OC1703_3500m_150m_sens_contig_781352,Pseudomonadota;Alphaproteobacteria
OC1703_4500m_4000m_sens_contig_517943,Candidatus Zixiibacteriota
OC1703_3500m_2000m_sens_contig_2924277,Candidatus Zixiibacteriota
OC1703_3000m_2000m_sens_contig_1852046,Candidatus Zixiibacteriota
OC1703_4000m_2000m_sens_contig_2108350,Candidatus Zixiibacteriota
OC1703_4500m_2000m_sens_contig_4741295,Candidatus Zixiibacteriota
OC1703_4000m_1000m_sens_contig_2442157,Candidatus Zixiibacteriota
OC1703_3500m_3000m_sens_contig_2526325,Candidatus Zixiibacteriota
OC1703_4500m_500m_sens_contig_5827629,Candidatus Zixiibacteriota
OC1703_4500m_1000m_sens_contig_4558493,Candidatus Zixiibacteriota
OC1703_3000m_3000m_sens_contig_12134,Pseudomonadota;Alphaproteobacteria
OC1703_4500m_4000m_sens_contig_4030652,Pseudomonadota;Alphaproteobacteria
OC1703_4500m_3000m_sens_contig_38513,Pseudomonadota;Alphaproteobacteria
OC1703_4500m_4000m_sens_contig_1734048,Pseudomonadota;Alphaproteobacteria
OC1703_4500m_4000m_sens_contig_3241868,Pseudomonadota;Alphaproteobacteria
OC1703_4000m_1000m_sens_contig_3739162,Pseudomonadota;Alphaproteobacteria
OC1703_4000m_2000m_sens_contig_3250326,Pseudomonadota;Alphaproteobacteria
OC1703_4500m_1000m_sens_contig_4030031,Pseudomonadota;Alphaproteobacteria
OC1703_4500m_150m_sens_contig_3546003,Pseudomonadota;Alphaproteobacteria
OC1703_4500m_4000m_sens_contig_3200591,Pseudomonadota;Alphaproteobacteria
OC1703_3000m_1000m_sens_contig_4762820,Pseudomonadota;Alphaproteobacteria
OC1703_4500m_1000m_sens_contig_2319888,Pseudomonadota;Alphaproteobacteria
OC1703_4500m_4000m_sens_contig_295523,Pseudomonadota;Alphaproteobacteria
OC1703_4500m_3000m_sens_contig_1615234,Pseudomonadota;Alphaproteobacteria
OC1703_4000m_1000m_sens_contig_2818070,SAR324
OC1703_3000m_1000m_sens_contig_3439238,SAR324
OC1703_3500m_150m_sens_contig_4082835,SAR324
OC1703_4500m_500m_sens_contig_1321358,SAR324
OC1703_3500m_1000m_sens_contig_922733,SAR324
OC1703_3000m_2000m_sens_contig_1061230,SAR324
OC1703_4500m_2000m_sens_contig_1637472,SAR324
OC1703_4500m_3000m_sens_contig_223439,SAR324
OC1703_4500m_1000m_sens_contig_1338751,SAR324
OC1703_3000m_500m_sens_contig_2697579,SAR324
OC1703_4000m_500m_sens_contig_1856588,SAR324
OC1703_4000m_2000m_sens_contig_1885545,SAR324
OC1703_3500m_3000m_sens_contig_3066066,SAR324
OC1703_4000m_3000m_sens_contig_46470,SAR324
OC1703_500m_500m_sens_contig_2997290,SAR324
OC1703_3500m_500m_sens_contig_196135,SAR324
OC1703_4500m_2000m_sens_contig_1744742,SAR324
OC1703_4500m_4000m_sens_contig_602809,Pseudomonadota;Alphaproteobacteria
OC1703_4500m_150m_sens_contig_5104515,Pseudomonadota;Alphaproteobacteria
OC1703_3000m_50m_sens_contig_4449173,Pseudomonadota;Alphaproteobacteria
OC1703_4500m_4000m_sens_contig_3031577,Pseudomonadota;Alphaproteobacteria
OC1703_4000m_150m_sens_contig_697582,Lentisphaerota
OC1703_4500m_3000m_sens_contig_2429924,Lentisphaerota
OC1703_4500m_1000m_sens_contig_2202980,Lentisphaerota
OC1703_4500m_150m_sens_contig_210714,Lentisphaerota
OC1703_4500m_4000m_sens_contig_260523,Lentisphaerota
OC1703_4000m_500m_sens_contig_2586661,Lentisphaerota
OC1703_3000m_500m_sens_contig_4136763,Lentisphaerota
OC1703_4500m_500m_sens_contig_793889,Lentisphaerota
OC1703_3500m_150m_sens_contig_4436216,Lentisphaerota
OC1703_3000m_150m_sens_contig_1507289,Pseudomonadota;Alphaproteobacteria
OC1703_4500m_150m_sens_contig_1194544,Pseudomonadota;Alphaproteobacteria
OC1703_4000m_150m_sens_contig_3609630,Pseudomonadota;Alphaproteobacteria
OC1703_3500m_150m_sens_contig_2421561,Pseudomonadota;Alphaproteobacteria
OC1703_500m_50m_sens_contig_1983234,Pseudomonadota;Alphaproteobacteria
OC1703_4000m_3000m_sens_contig_2712697,Pseudomonadota;Alphaproteobacteria
OC1703_4500m_2000m_sens_contig_2990341,Pseudomonadota;Alphaproteobacteria
OC1703_4500m_3000m_sens_contig_4730489,Pseudomonadota;Alphaproteobacteria
OC1703_3500m_2000m_sens_contig_2587531,Pseudomonadota;Alphaproteobacteria
OC1703_3500m_3000m_sens_contig_2019917,Pseudomonadota;Alphaproteobacteria
OC1703_3000m_2000m_sens_contig_673772,Pseudomonadota;Alphaproteobacteria
OC1703_3000m_3000m_sens_contig_324173,Pseudomonadota;Alphaproteobacteria
OC1703_4000m_2000m_sens_contig_1759924,Pseudomonadota;Alphaproteobacteria
OC1703_3500m_500m_sens_contig_35008,Pseudomonadota;Alphaproteobacteria
OC1703_4000m_1000m_sens_contig_1187435,Pseudomonadota;Alphaproteobacteria
OC1703_3000m_500m_sens_contig_334039,Pseudomonadota;Alphaproteobacteria
OC1703_500m_150m_sens_contig_4082590,Pseudomonadota;Alphaproteobacteria
OC1703_3000m_150m_sens_contig_1453000,Pseudomonadota;Alphaproteobacteria
OC1703_4500m_500m_sens_contig_1933603,Pseudomonadota;Alphaproteobacteria
OC1703_500m_500m_sens_contig_2575204,Pseudomonadota;Alphaproteobacteria
OC1703_3000m_1000m_sens_contig_4020992,Pseudomonadota;Alphaproteobacteria
OC1703_4500m_50m_sens_contig_4155868,Pseudomonadota;Alphaproteobacteria
OC1703_500m_50m_sens_contig_1324154,Pseudomonadota;Alphaproteobacteria
OC1703_500m_50m_sens_contig_406250,Pseudomonadota;Alphaproteobacteria
OC1703_500m_50m_sens_contig_1918853,Pseudomonadota;Alphaproteobacteria
OC1703_3000m_50m_sens_contig_4942169,Pseudomonadota;Alphaproteobacteria
OC1703_3500m_50m_sens_contig_667512,Pseudomonadota;Alphaproteobacteria
OC1703_4500m_50m_sens_contig_5515595,Pseudomonadota;Alphaproteobacteria
OC1703_4500m_50m_sens_contig_476769,Pseudomonadota;Alphaproteobacteria
OC1703_3000m_50m_sens_contig_3350033,Pseudomonadota;Alphaproteobacteria
OC1703_3000m_50m_sens_contig_2959730,Pseudomonadota;Alphaproteobacteria
OC1703_3500m_50m_sens_contig_1638131,Pseudomonadota;Alphaproteobacteria
OC1703_4500m_50m_sens_contig_6699178,Pseudomonadota;Alphaproteobacteria
OC1703_500m_50m_sens_contig_4162883,Pseudomonadota;Alphaproteobacteria
OC1703_4000m_50m_sens_contig_2015754,Pseudomonadota;Alphaproteobacteria
OC1703_4000m_50m_sens_contig_3366727,Pseudomonadota;Alphaproteobacteria
OC1703_4500m_50m_sens_contig_4487098,Pseudomonadota;Alphaproteobacteria
OC1703_500m_50m_sens_contig_436308,Pseudomonadota;Alphaproteobacteria
OC1703_3000m_150m_sens_contig_2548210,Pseudomonadota;Alphaproteobacteria
OC1703_3500m_150m_sens_contig_3131959,Pseudomonadota;Alphaproteobacteria
OC1703_4000m_50m_sens_contig_740010,Pseudomonadota;Alphaproteobacteria
OC1703_4500m_50m_sens_contig_6444539,Pseudomonadota;Alphaproteobacteria
OC1703_500m_50m_sens_contig_3682064,Pseudomonadota;Alphaproteobacteria
OC1703_3000m_50m_sens_contig_1532765,Pseudomonadota;Alphaproteobacteria
OC1703_3500m_50m_sens_contig_4493691,Pseudomonadota;Alphaproteobacteria
OC1703_500m_50m_sens_contig_3905954,Pseudomonadota;Alphaproteobacteria
OC1703_3000m_150m_sens_contig_1123313,Pseudomonadota;Alphaproteobacteria
OC1703_3000m_50m_sens_contig_198070,Pseudomonadota;Alphaproteobacteria
OC1703_3000m_2000m_sens_contig_2358256,Myxococcota
OC1703_4000m_2000m_sens_contig_3519398,Myxococcota
OC1703_4500m_2000m_sens_contig_3561552,Myxococcota
OC1703_4500m_150m_sens_contig_3202612,Pseudomonadota;Alphaproteobacteria
OC1703_500m_50m_sens_contig_623831,Pseudomonadota;Alphaproteobacteria
OC1703_3000m_150m_sens_contig_19257,Chloroflexota
OC1703_3500m_150m_sens_contig_1812111,Chloroflexota
OC1703_4500m_150m_sens_contig_581267,Chloroflexota
OC1703_3000m_150m_sens_contig_5131076,Chloroflexota
OC1703_500m_50m_sens_contig_1513728,Chloroflexota
OC1703_4500m_50m_sens_contig_7018780,Actinomycetota
OC1703_3000m_50m_sens_contig_1541853,Actinomycetota
OC1703_4000m_50m_sens_contig_834990,Actinomycetota
OC1703_3500m_50m_sens_contig_408794,Actinomycetota
OC1703_3000m_3000m_sens_contig_1870337,Myxococcota
OC1703_4500m_150m_sens_contig_4095253,Actinomycetota
OC1703_500m_50m_sens_contig_3953469,Actinomycetota
OC1703_3000m_150m_sens_contig_2455374,Actinomycetota
OC1703_4000m_150m_sens_contig_1086592,Actinomycetota
OC1703_3500m_150m_sens_contig_4545770,Actinomycetota
OC1703_3500m_150m_sens_contig_5518946,Actinomycetota
OC1703_500m_150m_sens_contig_4087254,Actinomycetota
OC1703_4500m_3000m_sens_contig_1023332,Actinomycetota
OC1703_3500m_3000m_sens_contig_2475786,Actinomycetota
OC1703_4000m_3000m_sens_contig_2598901,Actinomycetota
OC1703_3000m_3000m_sens_contig_1110508,Actinomycetota
OC1703_4500m_2000m_sens_contig_687197,Actinomycetota
OC1703_3500m_2000m_sens_contig_2850996,Actinomycetota
OC1703_3000m_2000m_sens_contig_4266735,Actinomycetota
OC1703_4000m_2000m_sens_contig_2605910,Actinomycetota
OC1703_4500m_1000m_sens_contig_3486516,Actinomycetota
OC1703_3000m_1000m_sens_contig_257134,Actinomycetota
OC1703_4000m_1000m_sens_contig_1176939,Actinomycetota
OC1703_3000m_500m_sens_contig_3002831,Actinomycetota
OC1703_3500m_1000m_sens_contig_491783,Actinomycetota
OC1703_3500m_500m_sens_contig_1513246,Actinomycetota
OC1703_4500m_500m_sens_contig_5690067,Actinomycetota
OC1703_4000m_500m_sens_contig_2261082,Actinomycetota
OC1703_3000m_500m_sens_contig_1895873,Actinomycetota
OC1703_4500m_150m_sens_contig_3029585,Actinomycetota
OC1703_3000m_150m_sens_contig_3918463,Actinomycetota
OC1703_3500m_150m_sens_contig_905165,Actinomycetota
OC1703_500m_150m_sens_contig_4109508,Actinomycetota
OC1703_4500m_150m_sens_contig_2887010,Actinomycetota
OC1703_4500m_3000m_sens_contig_350619,Chloroflexota
OC1703_4500m_2000m_sens_contig_131618,Chloroflexota
OC1703_4500m_3000m_sens_contig_3488033,Myxococcota
OC1703_4500m_2000m_sens_contig_778737,Myxococcota
OC1703_4500m_1000m_sens_contig_3285089,Myxococcota
OC1703_4000m_1000m_sens_contig_931806,Myxococcota
OC1703_3000m_1000m_sens_contig_4338061,Myxococcota
OC1703_4000m_2000m_sens_contig_2212705,Myxococcota
OC1703_3500m_2000m_sens_contig_169779,Myxococcota
OC1703_3500m_1000m_sens_contig_2040673,Myxococcota
OC1703_4000m_150m_sens_contig_2095958,Myxococcota
OC1703_3500m_150m_sens_contig_643959,Myxococcota
OC1703_500m_50m_sens_contig_3082965,Myxococcota
OC1703_4000m_2000m_sens_contig_1644430,Myxococcota
OC1703_3000m_2000m_sens_contig_3385379,Myxococcota
OC1703_3500m_3000m_sens_contig_2455390,Myxococcota
OC1703_4000m_1000m_sens_contig_2849948,Myxococcota
OC1703_4500m_3000m_sens_contig_3511581,Myxococcota
OC1703_4500m_3000m_sens_contig_4853184,Myxococcota
OC1703_4500m_4000m_sens_contig_1859059,Myxococcota
OC1703_3000m_3000m_sens_contig_134519,Myxococcota
OC1703_3000m_150m_sens_contig_3930561,Myxococcota
OC1703_4500m_150m_sens_contig_719299,Myxococcota
OC1703_4500m_3000m_sens_contig_181812,Myxococcota
OC1703_3500m_3000m_sens_contig_3217083,Myxococcota
OC1703_4500m_2000m_sens_contig_3424870,Myxococcota
OC1703_3500m_2000m_sens_contig_81400,Myxococcota
OC1703_4000m_2000m_sens_contig_1723489,Myxococcota
OC1703_4000m_3000m_sens_contig_1868992,Myxococcota
OC1703_3000m_2000m_sens_contig_3202131,Myxococcota
OC1703_3000m_1000m_sens_contig_2907186,Myxococcota
OC1703_3000m_3000m_sens_contig_2108778,Myxococcota
OC1703_4000m_1000m_sens_contig_3796617,Myxococcota
OC1703_3000m_500m_sens_contig_4107853,Myxococcota
OC1703_3000m_2000m_sens_contig_4051033,Myxococcota
OC1703_4500m_4000m_sens_contig_2748901,Myxococcota
OC1703_3000m_3000m_sens_contig_2520617,Myxococcota
OC1703_3000m_3000m_sens_contig_3482495,Myxococcota
OC1703_3000m_3000m_sens_contig_2323309,Myxococcota
OC1703_3500m_1000m_sens_contig_3151069,Pseudomonadota;Gammaproteobacteria
OC1703_3000m_1000m_sens_contig_4956367,Pseudomonadota;Gammaproteobacteria
OC1703_4000m_1000m_sens_contig_2380398,Pseudomonadota;Gammaproteobacteria
OC1703_3000m_50m_sens_contig_4660086,unclassified
OC1703_3000m_1000m_sens_contig_1986877,Pseudomonadota;Gammaproteobacteria
OC1703_4500m_2000m_sens_contig_2494773,Pseudomonadota;Gammaproteobacteria
OC1703_3000m_50m_sens_contig_5064165,Pseudomonadota;Gammaproteobacteria
OC1703_3000m_150m_sens_contig_2490469,Pseudomonadota;Gammaproteobacteria
OC1703_3000m_150m_sens_contig_1195922,Pseudomonadota;Gammaproteobacteria
OC1703_500m_50m_sens_contig_1111650,Pseudomonadota;Gammaproteobacteria
OC1703_3500m_150m_sens_contig_2072329,Pseudomonadota;Gammaproteobacteria
OC1703_3000m_150m_sens_contig_4877278,Pseudomonadota;Gammaproteobacteria
OC1703_500m_150m_sens_contig_4079930,Pseudomonadota;Gammaproteobacteria
OC1703_3000m_150m_sens_contig_1571202,Pseudomonadota;Gammaproteobacteria
OC1703_4000m_50m_sens_contig_2608753,Cyanobacteriota
OC1703_4500m_50m_sens_contig_2007379,Cyanobacteriota
OC1703_3500m_50m_sens_contig_1938696,Cyanobacteriota
OC1703_4000m_50m_sens_contig_1657058,Cyanobacteriota
OC1703_4500m_50m_sens_contig_6918609,Cyanobacteriota
OC1703_4000m_50m_sens_contig_3057924,Cyanobacteriota
OC1703_3500m_50m_sens_contig_2407514,Cyanobacteriota
OC1703_4500m_50m_sens_contig_603161,Cyanobacteriota
OC1703_4500m_50m_sens_contig_4896739,Cyanobacteriota
OC1703_3500m_50m_sens_contig_2360462,Cyanobacteriota
OC1703_4000m_1000m_sens_contig_2698268,Pseudomonadota;Gammaproteobacteria
OC1703_3000m_2000m_sens_contig_4122820,Pseudomonadota;Gammaproteobacteria
OC1703_3000m_500m_sens_contig_2066288,Pseudomonadota;Gammaproteobacteria
OC1703_3500m_2000m_sens_contig_1680931,Pseudomonadota;Gammaproteobacteria
OC1703_4000m_2000m_sens_contig_597232,Pseudomonadota;Gammaproteobacteria
OC1703_3000m_1000m_sens_contig_1636076,Pseudomonadota;Gammaproteobacteria
OC1703_3000m_3000m_sens_contig_2908520,Pseudomonadota;Gammaproteobacteria
OC1703_4500m_3000m_sens_contig_1223097,Pseudomonadota;Gammaproteobacteria
OC1703_500m_50m_sens_contig_1029221,Pseudomonadota;Gammaproteobacteria
OC1703_3000m_150m_sens_contig_2227523,Pseudomonadota;Gammaproteobacteria
OC1703_3500m_150m_sens_contig_638722,Pseudomonadota;Gammaproteobacteria
OC1703_4500m_4000m_sens_contig_4400511,Pseudomonadota;Gammaproteobacteria
OC1703_3500m_3000m_sens_contig_3525853,Pseudomonadota;Gammaproteobacteria
OC1703_500m_150m_sens_contig_956158,Pseudomonadota;Gammaproteobacteria
OC1703_4000m_3000m_sens_contig_777582,Pseudomonadota;Gammaproteobacteria
OC1703_4500m_1000m_sens_contig_1943537,Pseudomonadota;Gammaproteobacteria
OC1703_3000m_150m_sens_contig_3079998,Pseudomonadota;Gammaproteobacteria
OC1703_4500m_150m_sens_contig_2445885,Pseudomonadota;Gammaproteobacteria
OC1703_3000m_1000m_sens_contig_1190679,Pseudomonadota;Gammaproteobacteria
OC1703_3000m_500m_sens_contig_4430598,Pseudomonadota;Gammaproteobacteria
OC1703_3500m_1000m_sens_contig_2126754,Pseudomonadota;Gammaproteobacteria
OC1703_4500m_2000m_sens_contig_2227044,Pseudomonadota;Gammaproteobacteria
OC1703_4000m_1000m_sens_contig_2074476,Pseudomonadota;Gammaproteobacteria
OC1703_4000m_2000m_sens_contig_2489282,Pseudomonadota;Gammaproteobacteria
OC1703_3500m_50m_sens_contig_2968060,Pseudomonadota;Gammaproteobacteria
OC1703_3500m_3000m_sens_contig_440155,Pseudomonadota;Gammaproteobacteria
OC1703_3000m_3000m_sens_contig_29206,Pseudomonadota;Gammaproteobacteria
OC1703_4500m_4000m_sens_contig_3920157,Pseudomonadota;Gammaproteobacteria
OC1703_3500m_3000m_sens_contig_621247,Pseudomonadota;Gammaproteobacteria
OC1703_3000m_3000m_sens_contig_2209789,Pseudomonadota;Gammaproteobacteria
OC1703_4500m_4000m_sens_contig_624887,Pseudomonadota;Gammaproteobacteria
OC1703_4500m_3000m_sens_contig_3351043,Pseudomonadota;Gammaproteobacteria
OC1703_3000m_3000m_sens_contig_1835669,Pseudomonadota;Gammaproteobacteria
OC1703_4500m_4000m_sens_contig_225767,Pseudomonadota;Gammaproteobacteria
OC1703_3500m_3000m_sens_contig_1844360,Pseudomonadota;Gammaproteobacteria
OC1703_4000m_3000m_sens_contig_2784697,Pseudomonadota;Gammaproteobacteria
OC1703_4500m_4000m_sens_contig_4467393,Pseudomonadota;Gammaproteobacteria
OC1703_4000m_3000m_sens_contig_1270876,Pseudomonadota;Gammaproteobacteria
OC1703_3000m_3000m_sens_contig_2813648,Pseudomonadota;Gammaproteobacteria
OC1703_3500m_3000m_sens_contig_2485504,Pseudomonadota;Gammaproteobacteria
OC1703_4500m_3000m_sens_contig_2261633,Pseudomonadota;Gammaproteobacteria
OC1703_4000m_1000m_sens_contig_972448,Pseudomonadota;Gammaproteobacteria
OC1703_3500m_1000m_sens_contig_25088,Pseudomonadota;Gammaproteobacteria
OC1703_500m_150m_sens_contig_1937126,Pseudomonadota;Gammaproteobacteria
OC1703_500m_150m_sens_contig_4192303,Pseudomonadota;Gammaproteobacteria
OC1703_3500m_150m_sens_contig_1183469,Pseudomonadota;Gammaproteobacteria
OC1703_500m_50m_sens_contig_3959088,Pseudomonadota;Gammaproteobacteria
OC1703_3000m_150m_sens_contig_2658092,Pseudomonadota;Gammaproteobacteria
OC1703_3000m_50m_sens_contig_2419928,Pseudomonadota;Gammaproteobacteria
OC1703_3500m_50m_sens_contig_1093038,Pseudomonadota;Gammaproteobacteria
OC1703_4000m_50m_sens_contig_1423910,Pseudomonadota;Gammaproteobacteria
OC1703_4500m_4000m_sens_contig_3400664,Pseudomonadota;Gammaproteobacteria
OC1703_3000m_3000m_sens_contig_2300257,Pseudomonadota;Gammaproteobacteria
OC1703_3500m_2000m_sens_contig_532684,Pseudomonadota;Gammaproteobacteria
OC1703_4000m_2000m_sens_contig_961151,Pseudomonadota;Gammaproteobacteria
OC1703_4500m_2000m_sens_contig_1721583,Pseudomonadota;Gammaproteobacteria
OC1703_4000m_3000m_sens_contig_404978,Pseudomonadota;Gammaproteobacteria
OC1703_500m_500m_sens_contig_2762647,Pseudomonadota;Gammaproteobacteria
OC1703_4500m_500m_sens_contig_4911652,Pseudomonadota;Gammaproteobacteria
OC1703_4500m_4000m_sens_contig_1202381,Pseudomonadota;Gammaproteobacteria
OC1703_4500m_2000m_sens_contig_2897911,Pseudomonadota;Gammaproteobacteria
OC1703_4000m_3000m_sens_contig_1313233,Pseudomonadota;Gammaproteobacteria
OC1703_3000m_3000m_sens_contig_1236379,Pseudomonadota;Gammaproteobacteria
OC1703_4000m_2000m_sens_contig_2199986,Pseudomonadota;Gammaproteobacteria
OC1703_3500m_3000m_sens_contig_3243923,Pseudomonadota;Gammaproteobacteria
OC1703_4500m_3000m_sens_contig_3646988,Pseudomonadota;Gammaproteobacteria
OC1703_3500m_2000m_sens_contig_1752138,Pseudomonadota;Gammaproteobacteria
OC1703_3000m_2000m_sens_contig_1739396,Pseudomonadota;Gammaproteobacteria
OC1703_3000m_1000m_sens_contig_5149068,Pseudomonadota;Gammaproteobacteria
OC1703_4000m_1000m_sens_contig_104668,Pseudomonadota;Gammaproteobacteria
OC1703_4500m_1000m_sens_contig_2618290,Pseudomonadota;Gammaproteobacteria
OC1703_3500m_150m_sens_contig_1000145,Pseudomonadota;Gammaproteobacteria
OC1703_4000m_1000m_sens_contig_2087503,Pseudomonadota;Gammaproteobacteria
OC1703_3500m_1000m_sens_contig_394157,Pseudomonadota;Gammaproteobacteria
OC1703_500m_50m_sens_contig_3589616,Pseudomonadota;Gammaproteobacteria
OC1703_3000m_150m_sens_contig_4945628,Pseudomonadota;Gammaproteobacteria
OC1703_3500m_150m_sens_contig_1197656,Pseudomonadota;Gammaproteobacteria
OC1703_4500m_150m_sens_contig_1164927,Pseudomonadota;Gammaproteobacteria
OC1703_4000m_150m_sens_contig_2289542,Pseudomonadota;Gammaproteobacteria
OC1703_500m_500m_sens_contig_2575754,Pseudomonadota;Gammaproteobacteria
OC1703_500m_500m_sens_contig_898987,Pseudomonadota;Gammaproteobacteria
OC1703_3500m_500m_sens_contig_1608551,unclassified
OC1703_500m_50m_sens_contig_1308776,Pseudomonadota;Alphaproteobacteria
OC1703_3000m_150m_sens_contig_211216,Pseudomonadota;Alphaproteobacteria
OC1703_4000m_50m_sens_contig_2241717,Pseudomonadota;Alphaproteobacteria
OC1703_4500m_50m_sens_contig_7387121,Pseudomonadota;Alphaproteobacteria
OC1703_3500m_50m_sens_contig_2935871,Pseudomonadota;Alphaproteobacteria
OC1703_4500m_50m_sens_contig_4749002,Pseudomonadota;Alphaproteobacteria
OC1703_4500m_50m_sens_contig_6306696,Pseudomonadota;Alphaproteobacteria
OC1703_3000m_3000m_sens_contig_1502319,Pseudomonadota;Betaproteobacteria
OC1703_3500m_3000m_sens_contig_2228062,Pseudomonadota;Betaproteobacteria
OC1703_4500m_4000m_sens_contig_503531,Myxococcota
OC1703_4500m_3000m_sens_contig_1336110,Myxococcota
OC1703_3500m_3000m_sens_contig_2866818,Myxococcota
OC1703_3000m_3000m_sens_contig_2174192,Myxococcota
OC1703_4500m_4000m_sens_contig_149720,SAR324
OC1703_4500m_3000m_sens_contig_1298817,SAR324
OC1703_3500m_3000m_sens_contig_1531485,SAR324
OC1703_3000m_3000m_sens_contig_2174116,SAR324
OC1703_4500m_150m_sens_contig_117497,SAR324
OC1703_500m_50m_sens_contig_457538,SAR324
OC1703_500m_500m_sens_contig_3856278,SAR324
OC1703_4000m_3000m_sens_contig_1963807,SAR324
OC1703_3500m_150m_sens_contig_4620258,Pseudomonadota;Alphaproteobacteria
OC1703_4500m_150m_sens_contig_3686408,Pseudomonadota;Alphaproteobacteria
OC1703_3000m_50m_sens_contig_5196974,Pseudomonadota;Alphaproteobacteria
OC1703_3500m_50m_sens_contig_4243614,Pseudomonadota;Alphaproteobacteria
OC1703_4000m_50m_sens_contig_3057590,Pseudomonadota;Alphaproteobacteria
OC1703_3500m_500m_sens_contig_1180536,Pseudomonadota;Alphaproteobacteria
OC1703_4500m_500m_sens_contig_1857313,Pseudomonadota;Alphaproteobacteria
OC1703_3000m_500m_sens_contig_3133828,Pseudomonadota;Alphaproteobacteria
OC1703_3000m_150m_sens_contig_5701453,Pseudomonadota;Alphaproteobacteria
OC1703_500m_150m_sens_contig_470466,Pseudomonadota;Alphaproteobacteria
OC1703_3500m_500m_sens_contig_1327388,Pseudomonadota;unclassified
OC1703_4000m_150m_sens_contig_344374,Pseudomonadota;Alphaproteobacteria
OC1703_4500m_150m_sens_contig_4674087,unclassified
OC1703_4500m_500m_sens_contig_4744467,Pseudomonadota;Alphaproteobacteria
OC1703_4500m_2000m_sens_contig_2109080,Myxococcota
OC1703_3000m_2000m_sens_contig_3645229,Myxococcota
OC1703_4000m_2000m_sens_contig_238789,Pseudomonadota;Myxococcia
OC1703_3500m_3000m_sens_contig_2739464,Myxococcota
OC1703_4500m_3000m_sens_contig_1904962,Myxococcota
OC1703_4000m_3000m_sens_contig_1213854,Myxococcota
OC1703_3500m_2000m_sens_contig_3080020,Myxococcota
OC1703_4500m_4000m_sens_contig_3212028,Pseudomonadota;Alphaproteobacteria
OC1703_4500m_3000m_sens_contig_329017,Pseudomonadota;Alphaproteobacteria
OC1703_4500m_3000m_sens_contig_3907018,Pseudomonadota;Alphaproteobacteria
OC1703_4500m_4000m_sens_contig_1846628,Pseudomonadota;Alphaproteobacteria
OC1703_4500m_4000m_sens_contig_2956248,Pseudomonadota;Alphaproteobacteria
OC1703_4500m_4000m_sens_contig_1156435,Pseudomonadota;Alphaproteobacteria
OC1703_4500m_3000m_sens_contig_3868204,Pseudomonadota;Alphaproteobacteria
OC1703_3000m_3000m_sens_contig_1342842,Pseudomonadota;Alphaproteobacteria
OC1703_4500m_4000m_sens_contig_3216765,Pseudomonadota;Alphaproteobacteria
OC1703_4500m_4000m_sens_contig_2382817,Pseudomonadota;Alphaproteobacteria
OC1703_4500m_3000m_sens_contig_88920,Pseudomonadota;Alphaproteobacteria
OC1703_3000m_3000m_sens_contig_430025,Pseudomonadota;Alphaproteobacteria
OC1703_4500m_4000m_sens_contig_648388,Pseudomonadota;Alphaproteobacteria
OC1703_3500m_3000m_sens_contig_259166,Pseudomonadota;Alphaproteobacteria
OC1703_4000m_3000m_sens_contig_2470497,Pseudomonadota;Alphaproteobacteria
OC1703_4500m_3000m_sens_contig_3454993,Pseudomonadota;Alphaproteobacteria
OC1703_4500m_2000m_sens_contig_934676,Pseudomonadota;Alphaproteobacteria
OC1703_3000m_2000m_sens_contig_731138,Pseudomonadota;Alphaproteobacteria
OC1703_3000m_1000m_sens_contig_2837071,Pseudomonadota;Alphaproteobacteria
OC1703_4000m_1000m_sens_contig_3758594,Pseudomonadota;Alphaproteobacteria
OC1703_4000m_3000m_sens_contig_1743507,Pseudomonadota;Alphaproteobacteria
OC1703_4000m_2000m_sens_contig_1324505,Pseudomonadota;Alphaproteobacteria
OC1703_3500m_2000m_sens_contig_925047,Pseudomonadota;Alphaproteobacteria
OC1703_4500m_500m_sens_contig_3197067,Pseudomonadota;Alphaproteobacteria
OC1703_3500m_3000m_sens_contig_2383092,Pseudomonadota;Alphaproteobacteria
OC1703_3000m_3000m_sens_contig_2850443,Pseudomonadota;Alphaproteobacteria
OC1703_4500m_4000m_sens_contig_421919,Pseudomonadota;Alphaproteobacteria
OC1703_4500m_4000m_sens_contig_1645521,Pseudomonadota;Alphaproteobacteria
OC1703_4500m_4000m_sens_contig_1070542,Pseudomonadota;Alphaproteobacteria
OC1703_4500m_4000m_sens_contig_1949885,Pseudomonadota;Alphaproteobacteria
OC1703_4500m_4000m_sens_contig_1511189,Pseudomonadota;Alphaproteobacteria
OC1703_3000m_150m_sens_contig_839252,Pseudomonadota;unclassified
OC1703_4500m_150m_sens_contig_1305992,Pseudomonadota;unclassified
OC1703_500m_50m_sens_contig_29071,Pseudomonadota;unclassified
OC1703_3500m_150m_sens_contig_5532298,Pseudomonadota;unclassified
OC1703_4500m_2000m_sens_contig_3363772,SAR324
OC1703_4500m_2000m_sens_contig_3201628,Actinomycetota
OC1703_3500m_2000m_sens_contig_264175,Actinomycetota
OC1703_4000m_2000m_sens_contig_1595849,Actinomycetota
OC1703_4000m_3000m_sens_contig_2583081,Actinomycetota
OC1703_4500m_3000m_sens_contig_3534722,Actinomycetota
OC1703_3000m_2000m_sens_contig_2517085,Actinomycetota
OC1703_3500m_3000m_sens_contig_2127122,Actinomycetota
OC1703_3000m_3000m_sens_contig_3449505,Actinomycetota
OC1703_4000m_1000m_sens_contig_1905928,Actinomycetota
OC1703_3000m_1000m_sens_contig_3939360,Actinomycetota
OC1703_3500m_500m_sens_contig_4215216,Actinomycetota
OC1703_4500m_1000m_sens_contig_4579966,Actinomycetota
OC1703_3500m_1000m_sens_contig_3497190,Actinomycetota
OC1703_500m_500m_sens_contig_1962324,Actinomycetota
OC1703_4500m_500m_sens_contig_1423335,Actinomycetota
OC1703_4500m_4000m_sens_contig_626314,Actinomycetota
OC1703_4000m_2000m_sens_contig_3740189,Actinomycetota
OC1703_4000m_150m_sens_contig_1136937,Actinomycetota
OC1703_3500m_500m_sens_contig_3786107,Actinomycetota
OC1703_3000m_3000m_sens_contig_1381382,Actinomycetota
OC1703_4500m_500m_sens_contig_4157519,Actinomycetota
OC1703_4000m_2000m_sens_contig_520903,Actinomycetota
OC1703_4500m_150m_sens_contig_2001295,Actinomycetota
OC1703_4500m_2000m_sens_contig_4492922,Actinomycetota
OC1703_3500m_150m_sens_contig_468755,Actinomycetota
OC1703_500m_150m_sens_contig_1510290,Actinomycetota
OC1703_4000m_500m_sens_contig_3346847,Actinomycetota
OC1703_500m_500m_sens_contig_421331,Actinomycetota
OC1703_4000m_500m_sens_contig_2305393,Actinomycetota
OC1703_500m_150m_sens_contig_2561240,Actinomycetota
OC1703_500m_150m_sens_contig_3417001,Actinomycetota
OC1703_3500m_2000m_sens_contig_2471600,Actinomycetota
OC1703_4000m_2000m_sens_contig_3677999,Actinomycetota
OC1703_4000m_1000m_sens_contig_2709338,Actinomycetota
OC1703_4500m_2000m_sens_contig_1460954,Actinomycetota
OC1703_4500m_1000m_sens_contig_1051531,Actinomycetota
OC1703_3000m_2000m_sens_contig_3634578,Actinomycetota
OC1703_3500m_500m_sens_contig_4639978,Actinomycetota
OC1703_3500m_150m_sens_contig_533392,Actinomycetota
OC1703_4500m_4000m_sens_contig_675272,Actinomycetota
OC1703_3000m_3000m_sens_contig_1382571,Actinomycetota
OC1703_3500m_3000m_sens_contig_1912818,Actinomycetota
OC1703_4500m_3000m_sens_contig_4410837,Actinomycetota
OC1703_4000m_3000m_sens_contig_1542240,Actinomycetota
OC1703_3500m_150m_sens_contig_950801,Actinomycetota
OC1703_3000m_500m_sens_contig_5300102,Actinomycetota
OC1703_500m_500m_sens_contig_3533431,Actinomycetota
OC1703_4500m_500m_sens_contig_871775,Actinomycetota
OC1703_500m_150m_sens_contig_1046609,Actinomycetota
OC1703_3000m_150m_sens_contig_3636238,Actinomycetota
OC1703_4000m_500m_sens_contig_1643606,Actinomycetota
OC1703_3000m_2000m_sens_contig_1436768,Actinomycetota
OC1703_4000m_150m_sens_contig_2834268,Actinomycetota
OC1703_3000m_1000m_sens_contig_813711,Actinomycetota
OC1703_3500m_500m_sens_contig_2946286,Actinomycetota
OC1703_4500m_1000m_sens_contig_4521846,Actinomycetota
OC1703_500m_50m_sens_contig_2010859,Actinomycetota
OC1703_4000m_2000m_sens_contig_1949825,Actinomycetota
OC1703_3500m_2000m_sens_contig_3340220,Actinomycetota
OC1703_3500m_1000m_sens_contig_4064129,Actinomycetota
OC1703_3500m_1000m_sens_contig_1410704,Actinomycetota
OC1703_3500m_150m_sens_contig_2125929,Actinomycetota
OC1703_500m_150m_sens_contig_213592,Actinomycetota
OC1703_4500m_1000m_sens_contig_3504257,Actinomycetota
OC1703_4000m_1000m_sens_contig_1109014,Actinomycetota
OC1703_3000m_150m_sens_contig_589060,Actinomycetota
OC1703_3000m_1000m_sens_contig_2726490,Actinomycetota
OC1703_4000m_1000m_sens_contig_3861417,Actinomycetota
OC1703_3500m_500m_sens_contig_1959206,Actinomycetota
OC1703_3500m_500m_sens_contig_1778549,Actinomycetota
OC1703_4500m_150m_sens_contig_4584619,Actinomycetota
OC1703_3000m_500m_sens_contig_4251330,Actinomycetota
OC1703_3500m_150m_sens_contig_288972,Actinomycetota
OC1703_3000m_150m_sens_contig_561577,Actinomycetota
OC1703_3000m_500m_sens_contig_4448392,Actinomycetota
OC1703_4500m_500m_sens_contig_130531,Actinomycetota
OC1703_3500m_500m_sens_contig_1377987,Actinomycetota
OC1703_4000m_500m_sens_contig_2122849,Actinomycetota
OC1703_3500m_1000m_sens_contig_3957413,Actinomycetota
OC1703_3000m_1000m_sens_contig_5059695,Actinomycetota
OC1703_4000m_1000m_sens_contig_1737367,Actinomycetota
OC1703_3500m_500m_sens_contig_4446939,Actinomycetota
OC1703_3000m_500m_sens_contig_5866184,Actinomycetota
OC1703_4000m_2000m_sens_contig_1803752,Actinomycetota
OC1703_4500m_1000m_sens_contig_404505,Actinomycetota
OC1703_4500m_2000m_sens_contig_800636,Actinomycetota
OC1703_500m_500m_sens_contig_2563172,Actinomycetota
OC1703_4000m_500m_sens_contig_884274,Actinomycetota
OC1703_500m_150m_sens_contig_3804550,Actinomycetota
OC1703_500m_50m_sens_contig_1859627,Pseudomonadota;Gammaproteobacteria
OC1703_3000m_50m_sens_contig_4355734,Pseudomonadota;Gammaproteobacteria
OC1703_3000m_50m_sens_contig_364377,Pseudomonadota;Alphaproteobacteria
OC1703_3500m_50m_sens_contig_895641,Pseudomonadota;Alphaproteobacteria
OC1703_4000m_50m_sens_contig_699312,Pseudomonadota;Alphaproteobacteria
OC1703_4500m_50m_sens_contig_7201462,Pseudomonadota;Alphaproteobacteria
OC1703_4500m_50m_sens_contig_769349,Pseudomonadota;Alphaproteobacteria
OC1703_3500m_50m_sens_contig_3507079,Pseudomonadota;Alphaproteobacteria
OC1703_3000m_50m_sens_contig_221395,Pseudomonadota;Alphaproteobacteria
OC1703_4000m_50m_sens_contig_1005115,Pseudomonadota;Alphaproteobacteria
OC1703_4000m_50m_sens_contig_1550352,Pseudomonadota;Alphaproteobacteria
OC1703_3000m_150m_sens_contig_3248483,Pseudomonadota;Alphaproteobacteria
OC1703_3500m_3000m_sens_contig_807401,Pseudomonadota;Alphaproteobacteria
OC1703_3500m_2000m_sens_contig_3738481,Pseudomonadota;Alphaproteobacteria
OC1703_4000m_3000m_sens_contig_999331,Pseudomonadota;Alphaproteobacteria
OC1703_3000m_2000m_sens_contig_2969322,Pseudomonadota;Alphaproteobacteria
OC1703_4000m_2000m_sens_contig_2887077,Pseudomonadota;Alphaproteobacteria
OC1703_3500m_150m_sens_contig_4657393,Pseudomonadota;Alphaproteobacteria
OC1703_4500m_4000m_sens_contig_3749606,Pseudomonadota;Alphaproteobacteria
OC1703_3500m_150m_sens_contig_3832516,Pseudomonadota;Alphaproteobacteria
OC1703_4000m_3000m_sens_contig_1117155,Pseudomonadota;Alphaproteobacteria
OC1703_3000m_2000m_sens_contig_2493297,Pseudomonadota;Alphaproteobacteria
OC1703_3500m_2000m_sens_contig_231698,Pseudomonadota;Alphaproteobacteria
OC1703_4000m_1000m_sens_contig_605326,Pseudomonadota;Alphaproteobacteria
OC1703_3500m_3000m_sens_contig_902625,Pseudomonadota;Alphaproteobacteria
OC1703_3500m_3000m_sens_contig_71163,Pseudomonadota;Alphaproteobacteria
OC1703_4000m_3000m_sens_contig_3045589,Pseudomonadota;Alphaproteobacteria
OC1703_3500m_2000m_sens_contig_606030,Pseudomonadota;Alphaproteobacteria
OC1703_4000m_2000m_sens_contig_762255,Pseudomonadota;Alphaproteobacteria
OC1703_4500m_4000m_sens_contig_2239151,Pseudomonadota;Alphaproteobacteria
OC1703_4500m_3000m_sens_contig_3070638,Pseudomonadota;Alphaproteobacteria
OC1703_4000m_500m_sens_contig_2477018,Pseudomonadota;Gammaproteobacteria
OC1703_3500m_1000m_sens_contig_2028364,Pseudomonadota;Gammaproteobacteria
OC1703_3500m_500m_sens_contig_4277032,Pseudomonadota;Gammaproteobacteria
OC1703_4500m_500m_sens_contig_5379204,Pseudomonadota;Gammaproteobacteria
OC1703_4500m_1000m_sens_contig_464188,Pseudomonadota;Gammaproteobacteria
OC1703_4000m_1000m_sens_contig_4167647,Pseudomonadota;Gammaproteobacteria
OC1703_4500m_2000m_sens_contig_719980,Pseudomonadota;Gammaproteobacteria
OC1703_4500m_150m_sens_contig_3436713,Pseudomonadota;Gammaproteobacteria
OC1703_4000m_50m_sens_contig_2262498,Pseudomonadota;Alphaproteobacteria
OC1703_3500m_50m_sens_contig_4708686,Pseudomonadota;Gammaproteobacteria
OC1703_3000m_1000m_sens_contig_701720,Pseudomonadota;Gammaproteobacteria
OC1703_3500m_2000m_sens_contig_453565,Pseudomonadota;Gammaproteobacteria
OC1703_4500m_4000m_sens_contig_1128013,Pseudomonadota;Gammaproteobacteria
OC1703_4500m_2000m_sens_contig_4704164,Pseudomonadota;Gammaproteobacteria
OC1703_3500m_3000m_sens_contig_1297218,Pseudomonadota;Gammaproteobacteria
OC1703_3500m_2000m_sens_contig_1102578,Pseudomonadota;Gammaproteobacteria
OC1703_4000m_3000m_sens_contig_1921335,Pseudomonadota;Gammaproteobacteria
OC1703_4500m_3000m_sens_contig_2686318,Pseudomonadota;Gammaproteobacteria
OC1703_3000m_2000m_sens_contig_1712687,Pseudomonadota;Gammaproteobacteria
OC1703_4500m_4000m_sens_contig_4429615,Pseudomonadota;Gammaproteobacteria
OC1703_3000m_3000m_sens_contig_1612908,Pseudomonadota;Gammaproteobacteria
OC1703_3000m_500m_sens_contig_281418,Pseudomonadota;Gammaproteobacteria
OC1703_4000m_150m_sens_contig_3906801,Pseudomonadota;Gammaproteobacteria
OC1703_4000m_50m_sens_contig_2937196,Pseudomonadota;Gammaproteobacteria
OC1703_4500m_50m_sens_contig_2908590,Pseudomonadota;Gammaproteobacteria
OC1703_3500m_50m_sens_contig_3987916,Pseudomonadota;Gammaproteobacteria
OC1703_4000m_50m_sens_contig_2887111,Pseudomonadota;Gammaproteobacteria
OC1703_3000m_150m_sens_contig_5404671,Pseudomonadota;Alphaproteobacteria
OC1703_500m_50m_sens_contig_3124188,Pseudomonadota;Alphaproteobacteria
OC1703_3500m_150m_sens_contig_4738033,Pseudomonadota;Alphaproteobacteria
OC1703_500m_150m_sens_contig_2162269,Pseudomonadota;Alphaproteobacteria
OC1703_3500m_50m_sens_contig_2218857,Pseudomonadota;Gammaproteobacteria
OC1703_4500m_150m_sens_contig_2165881,Pseudomonadota;Gammaproteobacteria
OC1703_3000m_50m_sens_contig_3925918,Pseudomonadota;Gammaproteobacteria
OC1703_3500m_150m_sens_contig_2498961,Pseudomonadota;Gammaproteobacteria
OC1703_500m_150m_sens_contig_321150,Pseudomonadota;Gammaproteobacteria
OC1703_500m_50m_sens_contig_3760259,Pseudomonadota;Gammaproteobacteria
OC1703_3000m_150m_sens_contig_1040925,Pseudomonadota;Gammaproteobacteria
OC1703_4500m_50m_sens_contig_2833275,Pseudomonadota;Alphaproteobacteria
OC1703_3500m_3000m_sens_contig_378204,Pseudomonadota;Gammaproteobacteria
OC1703_3000m_3000m_sens_contig_146850,Pseudomonadota;Gammaproteobacteria
OC1703_4500m_4000m_sens_contig_3098769,Pseudomonadota;Gammaproteobacteria
OC1703_3500m_3000m_sens_contig_2207172,Pseudomonadota;Gammaproteobacteria
OC1703_4000m_3000m_sens_contig_1986059,Pseudomonadota;Gammaproteobacteria
OC1703_3000m_3000m_sens_contig_991699,Pseudomonadota;Gammaproteobacteria
OC1703_4500m_4000m_sens_contig_1169603,Pseudomonadota;Gammaproteobacteria
OC1703_4500m_3000m_sens_contig_1461923,Pseudomonadota;Gammaproteobacteria
OC1703_4000m_3000m_sens_contig_2566153,Pseudomonadota;Gammaproteobacteria
OC1703_4500m_3000m_sens_contig_4117480,Pseudomonadota;Gammaproteobacteria
OC1703_4500m_4000m_sens_contig_2490304,Pseudomonadota;Gammaproteobacteria
OC1703_3000m_3000m_sens_contig_3008653,Pseudomonadota;Gammaproteobacteria
OC1703_3500m_3000m_sens_contig_2469692,Pseudomonadota;Gammaproteobacteria
OC1703_3000m_3000m_sens_contig_3271728,Pseudomonadota;Gammaproteobacteria
OC1703_4500m_3000m_sens_contig_3338323,Pseudomonadota;Gammaproteobacteria
OC1703_3000m_150m_sens_contig_657708,Pseudomonadota;Gammaproteobacteria
OC1703_500m_500m_sens_contig_1876526,Pseudomonadota;Gammaproteobacteria
OC1703_3000m_2000m_sens_contig_4427087,Pseudomonadota;Gammaproteobacteria
OC1703_3500m_500m_sens_contig_4213705,Pseudomonadota;Gammaproteobacteria
OC1703_4500m_3000m_sens_contig_2414176,Pseudomonadota;Gammaproteobacteria
OC1703_3500m_1000m_sens_contig_2228674,Pseudomonadota;Alphaproteobacteria
OC1703_3500m_3000m_sens_contig_2206130,Pseudomonadota;Gammaproteobacteria
OC1703_3000m_50m_sens_contig_4490051,Pseudomonadota;Alphaproteobacteria
OC1703_3500m_50m_sens_contig_4208066,Pseudomonadota;Gammaproteobacteria
OC1703_4000m_50m_sens_contig_2215415,Pseudomonadota;Alphaproteobacteria
OC1703_4000m_50m_sens_contig_3043032,Pseudomonadota;Alphaproteobacteria
OC1703_3500m_500m_sens_contig_906334,Pseudomonadota;Alphaproteobacteria
OC1703_3000m_500m_sens_contig_3781347,Pseudomonadota;Alphaproteobacteria
OC1703_4000m_500m_sens_contig_1954583,Pseudomonadota;unclassified
OC1703_3000m_150m_sens_contig_5811948,Pseudomonadota;unclassified
OC1703_3500m_150m_sens_contig_5019749,Pseudomonadota;Alphaproteobacteria
OC1703_500m_500m_sens_contig_58689,Pseudomonadota;Alphaproteobacteria
OC1703_4500m_500m_sens_contig_3831824,Pseudomonadota;Alphaproteobacteria
OC1703_3000m_500m_sens_contig_334563,Pseudomonadota;Alphaproteobacteria
OC1703_3500m_500m_sens_contig_3683474,Pseudomonadota;Alphaproteobacteria
OC1703_500m_150m_sens_contig_3861282,Pseudomonadota;Alphaproteobacteria
OC1703_3000m_150m_sens_contig_3747793,Pseudomonadota;unclassified
OC1703_3500m_150m_sens_contig_2935790,Pseudomonadota;Alphaproteobacteria
OC1703_3000m_3000m_sens_contig_2605363,Pseudomonadota;Alphaproteobacteria
OC1703_4000m_2000m_sens_contig_1359956,Pseudomonadota;Alphaproteobacteria
OC1703_3500m_3000m_sens_contig_8219,Pseudomonadota;Alphaproteobacteria
OC1703_3500m_2000m_sens_contig_2875681,Pseudomonadota;Alphaproteobacteria
OC1703_4000m_1000m_sens_contig_3718251,Pseudomonadota;Alphaproteobacteria
OC1703_500m_150m_sens_contig_1201091,Pseudomonadota;Alphaproteobacteria
OC1703_3500m_1000m_sens_contig_2757139,Pseudomonadota;Alphaproteobacteria
OC1703_3500m_500m_sens_contig_1346091,Pseudomonadota;Alphaproteobacteria
OC1703_3000m_500m_sens_contig_138538,Pseudomonadota;Alphaproteobacteria
OC1703_3000m_1000m_sens_contig_3096864,Pseudomonadota;Alphaproteobacteria
OC1703_4500m_500m_sens_contig_4819616,Pseudomonadota;Alphaproteobacteria
OC1703_4500m_3000m_sens_contig_1686495,Pseudomonadota;Alphaproteobacteria
OC1703_4500m_4000m_sens_contig_3308384,Pseudomonadota;Alphaproteobacteria
OC1703_4000m_500m_sens_contig_767840,Pseudomonadota;Alphaproteobacteria
OC1703_500m_50m_sens_contig_2460343,Pseudomonadota;Alphaproteobacteria
OC1703_4000m_500m_sens_contig_2178023,Pseudomonadota;Alphaproteobacteria
OC1703_4500m_2000m_sens_contig_2593382,Pseudomonadota;Alphaproteobacteria
OC1703_3000m_50m_sens_contig_660892,Pseudomonadota;Alphaproteobacteria
OC1703_4000m_50m_sens_contig_1699343,Pseudomonadota;Alphaproteobacteria
OC1703_3000m_50m_sens_contig_2914547,Pseudomonadota;Alphaproteobacteria
OC1703_3000m_50m_sens_contig_1769034,Pseudomonadota;Alphaproteobacteria
OC1703_3500m_50m_sens_contig_713308,Pseudomonadota;Alphaproteobacteria
OC1703_3000m_50m_sens_contig_546059,Pseudomonadota;Alphaproteobacteria
OC1703_3500m_3000m_sens_contig_1750243,Pseudomonadota;Alphaproteobacteria
OC1703_4500m_4000m_sens_contig_1366776,unclassified
OC1703_4000m_2000m_sens_contig_1256273,Pseudomonadota;Alphaproteobacteria
OC1703_3000m_50m_sens_contig_662077,Pseudomonadota;Alphaproteobacteria
OC1703_3000m_2000m_sens_contig_2676558,Pseudomonadota;Alphaproteobacteria
OC1703_3500m_2000m_sens_contig_694234,Pseudomonadota;Alphaproteobacteria
OC1703_4500m_3000m_sens_contig_449934,Pseudomonadota;Alphaproteobacteria
OC1703_3500m_3000m_sens_contig_3579451,Pseudomonadota;Alphaproteobacteria
OC1703_3500m_150m_sens_contig_901592,Pseudomonadota;Alphaproteobacteria
OC1703_4000m_150m_sens_contig_135661,Pseudomonadota;Alphaproteobacteria
OC1703_4500m_500m_sens_contig_1843820,Pseudomonadota;Alphaproteobacteria
OC1703_3500m_50m_sens_contig_2804034,Pseudomonadota;Alphaproteobacteria
OC1703_3000m_50m_sens_contig_2552119,Pseudomonadota;Alphaproteobacteria
OC1703_3000m_50m_sens_contig_5578715,Pseudomonadota;Alphaproteobacteria
OC1703_4000m_150m_sens_contig_1172803,Pseudomonadota;Alphaproteobacteria
OC1703_3500m_150m_sens_contig_418785,Pseudomonadota;Alphaproteobacteria
OC1703_4500m_50m_sens_contig_5639725,Pseudomonadota;Alphaproteobacteria
OC1703_500m_500m_sens_contig_1558393,Pseudomonadota;Alphaproteobacteria
OC1703_3000m_50m_sens_contig_98700,Pseudomonadota;Alphaproteobacteria
OC1703_3500m_50m_sens_contig_2133725,Pseudomonadota;Alphaproteobacteria
OC1703_4000m_50m_sens_contig_325326,Pseudomonadota;Alphaproteobacteria
OC1703_3000m_50m_sens_contig_3333549,Pseudomonadota;Alphaproteobacteria
OC1703_3000m_50m_sens_contig_3389618,Pseudomonadota;Alphaproteobacteria
OC1703_500m_150m_sens_contig_1736829,Pseudomonadota;Alphaproteobacteria
OC1703_3000m_50m_sens_contig_4898618,Pseudomonadota;Alphaproteobacteria
OC1703_4000m_50m_sens_contig_2658317,Pseudomonadota;Alphaproteobacteria
OC1703_3500m_50m_sens_contig_221694,Pseudomonadota;Alphaproteobacteria
OC1703_4000m_1000m_sens_contig_365350,Pseudomonadota;Alphaproteobacteria
OC1703_3000m_50m_sens_contig_1486661,Pseudomonadota;Alphaproteobacteria
OC1703_3000m_50m_sens_contig_116212,Pseudomonadota;Gammaproteobacteria
OC1703_4000m_150m_sens_contig_468302,Pseudomonadota;Gammaproteobacteria
OC1703_3500m_150m_sens_contig_272523,Pseudomonadota;Gammaproteobacteria
OC1703_4500m_150m_sens_contig_2814627,Pseudomonadota;Gammaproteobacteria
OC1703_3000m_50m_sens_contig_3659416,Pseudomonadota;Alphaproteobacteria
OC1703_4500m_50m_sens_contig_902662,Pseudomonadota;Alphaproteobacteria
OC1703_3500m_50m_sens_contig_1982147,Pseudomonadota;Alphaproteobacteria
OC1703_3000m_50m_sens_contig_4417420,Pseudomonadota;Alphaproteobacteria
OC1703_4000m_50m_sens_contig_1560204,Pseudomonadota;Alphaproteobacteria
OC1703_3500m_50m_sens_contig_2569806,Pseudomonadota;Gammaproteobacteria
OC1703_4500m_50m_sens_contig_4476073,Pseudomonadota;Alphaproteobacteria
OC1703_3000m_50m_sens_contig_2345126,Pseudomonadota;Alphaproteobacteria
OC1703_4500m_4000m_sens_contig_3336365,Pseudomonadota;Gammaproteobacteria
OC1703_3000m_150m_sens_contig_2923394,Pseudomonadota;Gammaproteobacteria
OC1703_3000m_150m_sens_contig_1168784,Pseudomonadota;unclassified
OC1703_4000m_150m_sens_contig_1811360,Pseudomonadota;unclassified
OC1703_500m_150m_sens_contig_3394593,Pseudomonadota;unclassified
OC1703_3500m_150m_sens_contig_832548,Pseudomonadota;unclassified
OC1703_3000m_50m_sens_contig_1232988,Pseudomonadota;unclassified
OC1703_4500m_150m_sens_contig_3458633,Pseudomonadota;unclassified
OC1703_4500m_2000m_sens_contig_3415003,Pseudomonadota;Gammaproteobacteria
OC1703_4000m_2000m_sens_contig_2679545,Pseudomonadota;Gammaproteobacteria
OC1703_3000m_2000m_sens_contig_4496819,Pseudomonadota;Gammaproteobacteria
OC1703_4500m_1000m_sens_contig_454745,Pseudomonadota;Gammaproteobacteria
OC1703_3500m_1000m_sens_contig_883539,Pseudomonadota;Gammaproteobacteria
OC1703_4000m_2000m_sens_contig_3210804,Pseudomonadota;Gammaproteobacteria
OC1703_4500m_1000m_sens_contig_2744625,Pseudomonadota;Gammaproteobacteria
OC1703_3000m_1000m_sens_contig_611347,Pseudomonadota;Gammaproteobacteria
OC1703_3500m_1000m_sens_contig_469541,Pseudomonadota;Gammaproteobacteria
OC1703_4500m_500m_sens_contig_855542,Pseudomonadota;Gammaproteobacteria
OC1703_4000m_1000m_sens_contig_329290,Pseudomonadota;Gammaproteobacteria
OC1703_3000m_500m_sens_contig_6391784,Pseudomonadota;Gammaproteobacteria
OC1703_4000m_500m_sens_contig_1572755,Pseudomonadota;Gammaproteobacteria
OC1703_3500m_500m_sens_contig_2569917,Pseudomonadota;Gammaproteobacteria
OC1703_3500m_1000m_sens_contig_3743513,SAR324
OC1703_3000m_1000m_sens_contig_5267517,SAR324
OC1703_3500m_500m_sens_contig_1196002,SAR324
OC1703_4500m_1000m_sens_contig_4037891,SAR324
OC1703_4000m_1000m_sens_contig_4288343,SAR324
OC1703_500m_500m_sens_contig_921910,SAR324
OC1703_3000m_500m_sens_contig_2422271,SAR324
OC1703_4000m_1000m_sens_contig_3016484,SAR324
OC1703_4000m_500m_sens_contig_2694616,SAR324
OC1703_4500m_500m_sens_contig_1210678,SAR324
OC1703_4500m_500m_sens_contig_3891378,SAR324
OC1703_4500m_4000m_sens_contig_616745,SAR324
OC1703_3000m_3000m_sens_contig_2693287,SAR324
OC1703_4000m_3000m_sens_contig_228102,SAR324
OC1703_4500m_3000m_sens_contig_2757679,SAR324
OC1703_4000m_150m_sens_contig_3247971,SAR324
OC1703_500m_50m_sens_contig_3944238,SAR324
OC1703_4500m_150m_sens_contig_4886957,SAR324
OC1703_3000m_150m_sens_contig_5850190,SAR324
OC1703_500m_50m_sens_contig_2023352,SAR324
OC1703_500m_150m_sens_contig_2918925,SAR324
OC1703_500m_150m_sens_contig_907248,SAR324
OC1703_3500m_150m_sens_contig_4393099,SAR324
OC1703_3500m_150m_sens_contig_1799626,SAR324
OC1703_4500m_150m_sens_contig_3273890,SAR324
OC1703_3000m_50m_sens_contig_5622677,SAR324
OC1703_4500m_150m_sens_contig_478701,SAR324
OC1703_500m_500m_sens_contig_354161,SAR324
OC1703_4000m_3000m_sens_contig_699385,SAR324
OC1703_4500m_4000m_sens_contig_79042,SAR324
OC1703_4500m_3000m_sens_contig_172615,SAR324
OC1703_3500m_3000m_sens_contig_3138838,SAR324
OC1703_3000m_3000m_sens_contig_3453017,SAR324
OC1703_4000m_2000m_sens_contig_360588,SAR324
OC1703_500m_150m_sens_contig_596120,SAR324
OC1703_4500m_150m_sens_contig_4398298,SAR324
OC1703_3500m_1000m_sens_contig_2791912,SAR324
OC1703_4000m_150m_sens_contig_835936,SAR324
OC1703_4500m_1000m_sens_contig_3289288,SAR324
OC1703_3500m_150m_sens_contig_5304589,SAR324
OC1703_3000m_2000m_sens_contig_4236550,SAR324
OC1703_500m_50m_sens_contig_1974687,SAR324
OC1703_500m_500m_sens_contig_3808303,SAR324
OC1703_3000m_1000m_sens_contig_3847057,SAR324
OC1703_4000m_3000m_sens_contig_522111,SAR324
OC1703_3000m_3000m_sens_contig_2073633,SAR324
OC1703_3000m_1000m_sens_contig_1028173,SAR324
OC1703_4000m_500m_sens_contig_2577241,SAR324
OC1703_500m_50m_sens_contig_2867607,SAR324
OC1703_4500m_500m_sens_contig_1236725,SAR324
OC1703_3500m_2000m_sens_contig_2854700,SAR324
OC1703_3000m_500m_sens_contig_2899091,SAR324
OC1703_3500m_3000m_sens_contig_1073536,SAR324
OC1703_4500m_3000m_sens_contig_4635742,SAR324
OC1703_4000m_1000m_sens_contig_2088401,SAR324
OC1703_3500m_500m_sens_contig_3276291,SAR324
OC1703_3500m_1000m_sens_contig_1975192,SAR324
OC1703_3000m_3000m_sens_contig_1396511,SAR324
OC1703_4500m_500m_sens_contig_2897530,SAR324
OC1703_4500m_4000m_sens_contig_2468518,unclassified
OC1703_3000m_50m_sens_contig_3267302,Pseudomonadota;Alphaproteobacteria
OC1703_4500m_150m_sens_contig_5427516,Pseudomonadota;Alphaproteobacteria
OC1703_4500m_50m_sens_contig_2246337,Pseudomonadota;Alphaproteobacteria
OC1703_4500m_50m_sens_contig_7250578,Pseudomonadota;Alphaproteobacteria
OC1703_4500m_50m_sens_contig_3811463,Pseudomonadota;Alphaproteobacteria
OC1703_3000m_500m_sens_contig_4773692,Pseudomonadota;Alphaproteobacteria
OC1703_3500m_500m_sens_contig_824621,Pseudomonadota;Alphaproteobacteria
OC1703_4500m_1000m_sens_contig_4386021,Pseudomonadota;Alphaproteobacteria
OC1703_4000m_1000m_sens_contig_2087846,Pseudomonadota;Alphaproteobacteria
OC1703_4500m_500m_sens_contig_4757502,Pseudomonadota;Alphaproteobacteria
OC1703_3000m_1000m_sens_contig_3592627,Pseudomonadota;Alphaproteobacteria
OC1703_3500m_1000m_sens_contig_1079874,Pseudomonadota;Alphaproteobacteria
OC1703_3000m_2000m_sens_contig_2354643,Pseudomonadota;Alphaproteobacteria
OC1703_500m_500m_sens_contig_1532508,Pseudomonadota;Alphaproteobacteria
OC1703_3000m_50m_sens_contig_485668,eukaryote
OC1703_4500m_50m_sens_contig_5144245,eukaryote
OC1703_4500m_50m_sens_contig_6971959,eukaryote
OC1703_3500m_50m_sens_contig_1386621,eukaryote
OC1703_3000m_50m_sens_contig_2932896,eukaryote
OC1703_3000m_50m_sens_contig_1817471,eukaryote
OC1703_4000m_50m_sens_contig_849705,eukaryote
OC1703_4000m_150m_sens_contig_1328007,eukaryote
OC1703_3500m_50m_sens_contig_2081807,eukaryote
OC1703_4500m_50m_sens_contig_3973389,eukaryote
OC1703_500m_50m_sens_contig_3721751,eukaryote
OC1703_3500m_150m_sens_contig_4921555,eukaryote
OC1703_500m_50m_sens_contig_4454290,eukaryote
OC1703_4000m_50m_sens_contig_146077,eukaryote
OC1703_3000m_50m_sens_contig_3618592,eukaryote
OC1703_3500m_50m_sens_contig_679640,eukaryote
OC1703_4000m_50m_sens_contig_1810147,eukaryote
OC1703_3000m_50m_sens_contig_984363,eukaryote
OC1703_4500m_50m_sens_contig_6585532,eukaryote
OC1703_3500m_50m_sens_contig_3889949,eukaryote
OC1703_500m_50m_sens_contig_1134732,eukaryote
OC1703_3500m_50m_sens_contig_1389572,eukaryote
OC1703_3000m_50m_sens_contig_5652279,eukaryote
OC1703_4500m_50m_sens_contig_6816649,eukaryote
OC1703_4000m_50m_sens_contig_978827,eukaryote
OC1703_4500m_150m_sens_contig_4704923,eukaryote
OC1703_3500m_50m_sens_contig_1644980,eukaryote
OC1703_4500m_50m_sens_contig_391367,eukaryote
OC1703_3000m_50m_sens_contig_980548,eukaryote
OC1703_3500m_50m_sens_contig_2091221,eukaryote
OC1703_500m_150m_sens_contig_4414564,eukaryote
OC1703_500m_500m_sens_contig_2100895,eukaryote
OC1703_3500m_3000m_sens_contig_2938910,eukaryote
OC1703_500m_50m_sens_contig_5737,eukaryote
OC1703_3500m_2000m_sens_contig_3152275,eukaryote
OC1703_500m_50m_sens_contig_153525,eukaryote
OC1703_500m_500m_sens_contig_1660678,eukaryote
OC1703_500m_150m_sens_contig_1492497,eukaryote
OC1703_500m_150m_sens_contig_440551,eukaryote
OC1703_500m_50m_sens_contig_551815,eukaryote
OC1703_500m_50m_sens_contig_1788245,eukaryote
OC1703_500m_50m_sens_contig_3164599,eukaryote
OC1703_500m_150m_sens_contig_151072,eukaryote
OC1703_3500m_50m_sens_contig_2542901,eukaryote
OC1703_3000m_50m_sens_contig_4622316,eukaryote
OC1703_500m_50m_sens_contig_1158678,eukaryote
OC1703_500m_50m_sens_contig_3445005,eukaryote
OC1703_500m_50m_sens_contig_4083784,eukaryote
OC1703_500m_50m_sens_contig_3848518,eukaryote
OC1703_4500m_50m_sens_contig_57366,eukaryote
OC1703_3500m_50m_sens_contig_2259117,eukaryote
OC1703_4500m_50m_sens_contig_7058259,eukaryote
OC1703_4500m_50m_sens_contig_6185975,eukaryote
OC1703_4000m_50m_sens_contig_731870,eukaryote
OC1703_3500m_50m_sens_contig_3113148,eukaryote
OC1703_3500m_50m_sens_contig_277442,eukaryote
OC1703_3000m_50m_sens_contig_5645152,eukaryote
OC1703_3500m_50m_sens_contig_688258,eukaryote
OC1703_3000m_50m_sens_contig_1483890,eukaryote
OC1703_3000m_50m_sens_contig_1589983,eukaryote
OC1703_3500m_50m_sens_contig_575609,eukaryote
OC1703_4500m_50m_sens_contig_1302821,eukaryote
OC1703_4500m_50m_sens_contig_786314,eukaryote
OC1703_4500m_50m_sens_contig_2650546,eukaryote
OC1703_4500m_50m_sens_contig_5507841,eukaryote
OC1703_4500m_150m_sens_contig_5195852,Pseudomonadota;Gammaproteobacteria
OC1703_3500m_150m_sens_contig_4219314,Pseudomonadota;Gammaproteobacteria
OC1703_3000m_150m_sens_contig_1107939,Pseudomonadota;Gammaproteobacteria
OC1703_500m_150m_sens_contig_71134,Pseudomonadota;Gammaproteobacteria
OC1703_500m_50m_sens_contig_458434,Pseudomonadota;Gammaproteobacteria
OC1703_4000m_150m_sens_contig_627641,Pseudomonadota;Gammaproteobacteria
OC1703_4500m_3000m_sens_contig_1911671,Pseudomonadota;Alphaproteobacteria
OC1703_4500m_2000m_sens_contig_7860,Pseudomonadota;Alphaproteobacteria
OC1703_4000m_2000m_sens_contig_2379004,Pseudomonadota;Alphaproteobacteria
OC1703_3000m_1000m_sens_contig_2462577,Pseudomonadota;Alphaproteobacteria
OC1703_3500m_1000m_sens_contig_38693,Pseudomonadota;Alphaproteobacteria
OC1703_4500m_1000m_sens_contig_69468,Pseudomonadota;Alphaproteobacteria
OC1703_3000m_2000m_sens_contig_1161578,Pseudomonadota;Alphaproteobacteria
OC1703_3500m_2000m_sens_contig_926468,Pseudomonadota;Alphaproteobacteria
OC1703_4000m_1000m_sens_contig_1113222,Pseudomonadota;Alphaproteobacteria
OC1703_4500m_4000m_sens_contig_1475221,Pseudomonadota;Alphaproteobacteria
OC1703_4500m_50m_sens_contig_5046254,Pseudomonadota;Alphaproteobacteria
OC1703_500m_50m_sens_contig_272535,Pseudomonadota;Betaproteobacteria
OC1703_3500m_50m_sens_contig_253501,Pseudomonadota;Alphaproteobacteria
OC1703_4500m_150m_sens_contig_3689693,Cyanobacteriota
OC1703_4500m_4000m_sens_contig_108236,Myxococcota
OC1703_500m_500m_sens_contig_3464012,Pseudomonadota;Alphaproteobacteria
OC1703_3000m_2000m_sens_contig_4647267,Pseudomonadota;Alphaproteobacteria
OC1703_3000m_50m_sens_contig_4585921,Actinomycetota
OC1703_3000m_3000m_sens_contig_1259671,Candidatus Thermoplasmatota
OC1703_3000m_3000m_sens_contig_2051914,Planctomycetota
OC1703_4500m_150m_sens_contig_1232742,Pseudomonadota;Alphaproteobacteria
OC1703_4500m_150m_sens_contig_1274220,Pseudomonadota;Alphaproteobacteria
OC1703_4500m_150m_sens_contig_1600414,Pseudomonadota;Gammaproteobacteria
OC1703_4500m_150m_sens_contig_2998208,Myxococcota
OC1703_4500m_150m_sens_contig_4353099,Candidatus Thermoplasmatota
OC1703_4500m_150m_sens_contig_543415,Pseudomonadota;Alphaproteobacteria
OC1703_4500m_4000m_sens_contig_2489119,Acidobacteriota
OC1703_4500m_4000m_sens_contig_3974204,Planctomycetota
OC1703_4500m_50m_sens_contig_2902701,Pseudomonadota;Gammaproteobacteria
OC1703_4500m_50m_sens_contig_4299946,Pseudomonadota;Betaproteobacteria
OC1703_4500m_50m_sens_contig_6214454,Pseudomonadota;Alphaproteobacteria
OC1703_500m_500m_sens_contig_1485992,Actinomycetota
OC1703_3000m_3000m_sens_contig_1028055,Pseudomonadota;Alphaproteobacteria
OC1703_3000m_3000m_sens_contig_3203669,Myxococcota
OC1703_3000m_3000m_sens_contig_460437,Myxococcota
OC1703_3000m_500m_sens_contig_255454,Nitrososphaerota
OC1703_3000m_50m_sens_contig_1188155,Pseudomonadota;Alphaproteobacteria
OC1703_3000m_50m_sens_contig_146243,Pseudomonadota;Alphaproteobacteria
OC1703_3000m_50m_sens_contig_1966548,Pseudomonadota;Alphaproteobacteria
OC1703_3000m_50m_sens_contig_2204155,Pseudomonadota;Alphaproteobacteria
OC1703_3000m_50m_sens_contig_3625031,Pseudomonadota;Alphaproteobacteria
OC1703_3000m_50m_sens_contig_5427390,Pseudomonadota;Alphaproteobacteria
OC1703_4500m_150m_sens_contig_1629467,Pseudomonadota;Alphaproteobacteria
OC1703_4500m_150m_sens_contig_1687773,Gemmatimonadota
OC1703_4500m_150m_sens_contig_1791875,Pseudomonadota;Gammaproteobacteria
OC1703_4500m_150m_sens_contig_191593,Pseudomonadota;Gammaproteobacteria
OC1703_4500m_150m_sens_contig_2907843,Pseudomonadota;Gammaproteobacteria
OC1703_4500m_150m_sens_contig_3518592,Chloroflexota
OC1703_4500m_150m_sens_contig_3570489,Nitrospirota
OC1703_4500m_150m_sens_contig_5105644,Planctomycetota
OC1703_4500m_150m_sens_contig_5345601,Pseudomonadota;Alphaproteobacteria
OC1703_4500m_150m_sens_contig_5365455,Deinococcota
OC1703_4500m_4000m_sens_contig_2204730,Planctomycetota
OC1703_4500m_50m_sens_contig_2025961,Pseudomonadota;Gammaproteobacteria
OC1703_4500m_50m_sens_contig_3874847,Pseudomonadota;Alphaproteobacteria
OC1703_4500m_50m_sens_contig_6835182,Pseudomonadota;Alphaproteobacteria
OC1703_500m_50m_sens_contig_1112942,Pseudomonadota;Gammaproteobacteria
OC1703_4500m_4000m_sens_contig_3169924,Pseudomonadota;Gammaproteobacteria
OC1703_4500m_3000m_sens_contig_4438193,Pseudomonadota;Gammaproteobacteria
OC1703_3500m_3000m_sens_contig_2237590,Pseudomonadota;Gammaproteobacteria
OC1703_500m_50m_sens_contig_368121,Pseudomonadota;Gammaproteobacteria
OC1703_3500m_50m_sens_contig_786267,Cyanobacteriota
OC1703_500m_50m_sens_contig_2404153,Pseudomonadota;Gammaproteobacteria
OC1703_4000m_3000m_sens_contig_1827688,Pseudomonadota;Gammaproteobacteria
OC1703_3000m_3000m_sens_contig_934955,Pseudomonadota;Gammaproteobacteria
OC1703_4500m_50m_sens_contig_4065876,Cyanobacteriota
OC1703_4000m_150m_sens_contig_193479,Pseudomonadota;Gammaproteobacteria
OC1703_3000m_50m_sens_contig_1450275,Pseudomonadota;Gammaproteobacteria
OC1703_4500m_4000m_sens_contig_3716750,Pseudomonadota;Alphaproteobacteria
OC1703_4000m_50m_sens_contig_3254512,Cyanobacteriota
OC1703_4500m_150m_sens_contig_4370965,Pseudomonadota;Gammaproteobacteria
OC1703_500m_150m_sens_contig_4355472,Pseudomonadota;Gammaproteobacteria
OC1703_4500m_50m_sens_contig_3543185,Cyanobacteriota
OC1703_500m_50m_sens_contig_919374,Pseudomonadota;Gammaproteobacteria
OC1703_3500m_50m_sens_contig_165990,Pseudomonadota;Gammaproteobacteria
OC1703_3000m_50m_sens_contig_4412242,Pseudomonadota;Gammaproteobacteria
OC1703_3500m_50m_sens_contig_1876104,Pseudomonadota;Gammaproteobacteria
OC1703_3000m_150m_sens_contig_4362701,Pseudomonadota;Gammaproteobacteria
OC1703_3000m_50m_sens_contig_5195630,Pseudomonadota;Gammaproteobacteria
OC1703_4500m_50m_sens_contig_5181276,Cyanobacteriota
OC1703_500m_50m_sens_contig_4417513,Pseudomonadota;Gammaproteobacteria
OC1703_4000m_2000m_sens_contig_526247,Pseudomonadota;Gammaproteobacteria
OC1703_4500m_2000m_sens_contig_1617379,Pseudomonadota;Gammaproteobacteria
OC1703_3000m_150m_sens_contig_4018119,Pseudomonadota;Gammaproteobacteria
OC1703_3500m_150m_sens_contig_327620,Pseudomonadota;Gammaproteobacteria
OC1703_3500m_50m_sens_contig_76369,Cyanobacteriota
OC1703_3000m_2000m_sens_contig_2049297,Pseudomonadota;Gammaproteobacteria
OC1703_3500m_2000m_sens_contig_3891530,Pseudomonadota;Gammaproteobacteria
OC1703_3500m_150m_sens_contig_4551582,Pseudomonadota;Gammaproteobacteria
OC1703_3500m_50m_sens_contig_2065399,Pseudomonadota;Gammaproteobacteria
OC1703_500m_50m_sens_contig_2121614,unclassified
OC1703_3000m_150m_sens_contig_192909,Pseudomonadota;Gammaproteobacteria
OC1703_500m_50m_sens_contig_3862357,Pseudomonadota;Gammaproteobacteria
OC1703_3000m_150m_sens_contig_2922823,Pseudomonadota;Gammaproteobacteria
OC1703_500m_500m_sens_contig_1231829,unclassified
OC1703_3000m_150m_sens_contig_5690086,Pseudomonadota;Gammaproteobacteria
OC1703_4000m_50m_sens_contig_3630713,Cyanobacteriota
OC1703_500m_150m_sens_contig_4368978,unclassified
OC1703_500m_50m_sens_contig_2588324,unclassified
OC1703_3500m_1000m_sens_contig_1462295,unclassified
OC1703_500m_150m_sens_contig_2902957,Pseudomonadota;Gammaproteobacteria
OC1703_3500m_50m_sens_contig_4023260,Cyanobacteriota
OC1703_500m_50m_sens_contig_998651,Cyanobacteriota
OC1703_4500m_1000m_sens_contig_3643858,unclassified
OC1703_4500m_3000m_sens_contig_2581106,Pseudomonadota;Alphaproteobacteria
OC1703_4000m_3000m_sens_contig_2314415,Pseudomonadota;Alphaproteobacteria
OC1703_3000m_1000m_sens_contig_4481260,unclassified
OC1703_4500m_500m_sens_contig_2705818,unclassified
OC1703_4000m_50m_sens_contig_2275336,Cyanobacteriota
OC1703_4000m_1000m_sens_contig_2207623,unclassified
OC1703_3000m_50m_sens_contig_2613219,Cyanobacteriota
OC1703_500m_50m_sens_contig_206473,Pseudomonadota;Betaproteobacteria
OC1703_4000m_150m_sens_contig_2832043,unclassified
OC1703_4500m_150m_sens_contig_2733188,unclassified
OC1703_4500m_50m_sens_contig_208348,Cyanobacteriota
OC1703_4000m_50m_sens_contig_2017619,Cyanobacteriota
OC1703_3500m_500m_sens_contig_3006829,unclassified
OC1703_3500m_150m_sens_contig_947425,unclassified
OC1703_3500m_50m_sens_contig_3861715,Cyanobacteriota
OC1703_3000m_150m_sens_contig_4839248,unclassified
OC1703_3500m_2000m_sens_contig_3166052,unclassified
OC1703_4000m_150m_sens_contig_340110,unclassified
OC1703_500m_500m_sens_contig_2719599,Pseudomonadota;Gammaproteobacteria
OC1703_4000m_2000m_sens_contig_1622621,unclassified
OC1703_4500m_3000m_sens_contig_4794076,unclassified
OC1703_4500m_50m_sens_contig_6114763,Cyanobacteriota
OC1703_3500m_3000m_sens_contig_1188761,Pseudomonadota;Alphaproteobacteria
OC1703_3500m_50m_sens_contig_363585,Cyanobacteriota
OC1703_4000m_50m_sens_contig_2445399,Pseudomonadota;Gammaproteobacteria
OC1703_3000m_2000m_sens_contig_103539,unclassified
OC1703_4500m_50m_sens_contig_1206252,Cyanobacteriota
OC1703_3500m_50m_sens_contig_3014285,Cyanobacteriota
OC1703_4000m_500m_sens_contig_2224130,unclassified
OC1703_4500m_2000m_sens_contig_1782856,Pseudomonadota;Alphaproteobacteria
OC1703_4500m_150m_sens_contig_704033,unclassified
OC1703_4500m_150m_sens_contig_748391,Pseudomonadota;Betaproteobacteria
OC1703_4000m_50m_sens_contig_1448504,Cyanobacteriota
OC1703_4000m_1000m_sens_contig_1490395,Planctomycetota
OC1703_3000m_50m_sens_contig_1046879,Pseudomonadota;Alphaproteobacteria
OC1703_4500m_150m_sens_contig_5583215,Cyanobacteriota
OC1703_3000m_1000m_sens_contig_2774164,Candidatus Thermoplasmatota
OC1703_4000m_3000m_sens_contig_1580210,Pseudomonadota;Alphaproteobacteria
OC1703_3500m_1000m_sens_contig_1461981,Pseudomonadota;Alphaproteobacteria
OC1703_4500m_50m_sens_contig_548679,Pseudomonadota;Alphaproteobacteria
OC1703_4000m_50m_sens_contig_3298770,Pseudomonadota;Alphaproteobacteria
OC1703_4500m_150m_sens_contig_2961444,Pseudomonadota;unclassified
OC1703_3000m_2000m_sens_contig_1044360,Pseudomonadota;unclassified
OC1703_4000m_50m_sens_contig_2981557,eukaryote
OC1703_500m_500m_sens_contig_1528194,Euryarchaeota
OC1703_4500m_3000m_sens_contig_667280,Pseudomonadota;Betaproteobacteria
OC1703_4000m_50m_sens_contig_2731200,eukaryote
OC1703_3000m_3000m_sens_contig_2029444,Pseudomonadota;Alphaproteobacteria
OC1703_3000m_500m_sens_contig_1764360,Pseudomonadota;Gammaproteobacteria
OC1703_3500m_3000m_sens_contig_2657011,Pseudomonadota;Gammaproteobacteria
OC1703_4000m_3000m_sens_contig_3049699,Myxococcota
OC1703_4000m_2000m_sens_contig_2266631,Candidatus Thermoplasmatota
OC1703_3000m_50m_sens_contig_1671541,Cyanobacteriota
OC1703_4500m_500m_sens_contig_4351329,Pseudomonadota;Gammaproteobacteria
OC1703_4500m_50m_sens_contig_6912449,Cyanobacteriota
OC1703_3500m_1000m_sens_contig_4064837,Pseudomonadota;unclassified
OC1703_4000m_1000m_sens_contig_1809265,Pseudomonadota;Gammaproteobacteria
OC1703_3500m_50m_sens_contig_241527,Pseudomonadota;unclassified
OC1703_3500m_1000m_sens_contig_2988819,Pseudomonadota;Gammaproteobacteria
OC1703_3500m_50m_sens_contig_809782,eukaryote
OC1703_3000m_150m_sens_contig_266380,Myxococcota
OC1703_3000m_150m_sens_contig_4768662,Pseudomonadota;Gammaproteobacteria
OC1703_3000m_3000m_sens_contig_3500501,unclassified
OC1703_3500m_50m_sens_contig_946662,eukaryote
OC1703_3500m_50m_sens_contig_2489660,Candidatus Thermoplasmatota
OC1703_4000m_50m_sens_contig_1697742,Pseudomonadota;Alphaproteobacteria
OC1703_3000m_3000m_sens_contig_1350080,Pseudomonadota;Gammaproteobacteria
OC1703_4500m_500m_sens_contig_857909,Actinomycetota
OC1703_500m_500m_sens_contig_3170878,Pseudomonadota;Gammaproteobacteria
OC1703_4500m_50m_sens_contig_1678750,eukaryote
OC1703_3000m_150m_sens_contig_926160,Actinomycetota
OC1703_3500m_500m_sens_contig_3731932,Actinomycetota
OC1703_4500m_50m_sens_contig_4242229,Pseudomonadota;Alphaproteobacteria
OC1703_3000m_500m_sens_contig_3636978,unclassified
OC1703_3000m_150m_sens_contig_2762290,Pseudomonadota;Gammaproteobacteria
OC1703_3000m_50m_sens_contig_1751664,Candidatus Thermoplasmatota
OC1703_500m_150m_sens_contig_690432,Euryarchaeota
OC1703_4500m_3000m_sens_contig_2905923,Pseudomonadota;Alphaproteobacteria
OC1703_4000m_1000m_sens_contig_4567127,Pseudomonadota;Alphaproteobacteria
OC1703_4000m_500m_sens_contig_2328027,unclassified
OC1703_3000m_2000m_sens_contig_3183146,Pseudomonadota;Gammaproteobacteria
OC1703_3500m_3000m_sens_contig_1843207,Pseudomonadota;Alphaproteobacteria
OC1703_4500m_500m_sens_contig_270426,unclassified
OC1703_3000m_2000m_sens_contig_1340904,Pseudomonadota;unclassified
OC1703_3000m_150m_sens_contig_1936639,Euryarchaeota
OC1703_4000m_150m_sens_contig_225375,Candidatus Thermoplasmatota
OC1703_4500m_50m_sens_contig_3238469,Pseudomonadota;Alphaproteobacteria
OC1703_4500m_50m_sens_contig_7169048,Pseudomonadota;Gammaproteobacteria
OC1703_4000m_3000m_sens_contig_155464,Planctomycetota
OC1703_4000m_50m_sens_contig_3711850,Candidatus Thermoplasmatota
OC1703_4000m_2000m_sens_contig_1195274,Pseudomonadota;unclassified
OC1703_500m_500m_sens_contig_754432,Candidatus Thermoplasmatota
OC1703_3000m_150m_sens_contig_1212547,Myxococcota
OC1703_3500m_150m_sens_contig_4217345,Myxococcota
OC1703_4000m_500m_sens_contig_549032,Actinomycetota
OC1703_4000m_1000m_sens_contig_3306160,SAR324
OC1703_4500m_4000m_sens_contig_362233,Pseudomonadota;Alphaproteobacteria
OC1703_3500m_500m_sens_contig_2871451,unclassified
OC1703_500m_50m_sens_contig_3278887,eukaryote
OC1703_4500m_50m_sens_contig_3550426,eukaryote
OC1703_500m_500m_sens_contig_3213125,Pseudomonadota;Gammaproteobacteria
OC1703_4500m_500m_sens_contig_4369202,Pseudomonadota;unclassified
OC1703_4500m_150m_sens_contig_2908482,Pseudomonadota;Gammaproteobacteria
OC1703_4500m_50m_sens_contig_6045224,Pseudomonadota;Alphaproteobacteria
OC1703_3500m_2000m_sens_contig_686294,Gemmatimonadota
OC1703_3500m_3000m_sens_contig_2279169,Pseudomonadota;Gammaproteobacteria
OC1703_3500m_150m_sens_contig_5510411,Candidatus Thermoplasmatota
OC1703_4500m_500m_sens_contig_3936367,Actinomycetota
OC1703_3000m_500m_sens_contig_754671,Pseudomonadota;Alphaproteobacteria
OC1703_4500m_50m_sens_contig_2892503,Cyanobacteriota
OC1703_4500m_3000m_sens_contig_81835,unclassified
OC1703_3000m_500m_sens_contig_530430,SAR324
OC1703_4500m_4000m_sens_contig_2534680,Pseudomonadota;Gammaproteobacteria
OC1703_3000m_150m_sens_contig_4145158,Candidatus Thermoplasmatota
OC1703_4500m_1000m_sens_contig_1366771,Pseudomonadota;Alphaproteobacteria
OC1703_3000m_2000m_sens_contig_2853150,Planctomycetota
OC1703_3500m_1000m_sens_contig_1311481,Pseudomonadota;Gammaproteobacteria
OC1703_4000m_500m_sens_contig_1643603,Pseudomonadota;unclassified
OC1703_3000m_150m_sens_contig_31688,Candidatus Thermoplasmatota
OC1703_4500m_50m_sens_contig_2923547,SAR324
OC1703_500m_500m_sens_contig_1241706,Pseudomonadota;Alphaproteobacteria
OC1703_3500m_2000m_sens_contig_1247606,SAR324
OC1703_4000m_500m_sens_contig_134387,Candidatus Thermoplasmatota
OC1703_4000m_150m_sens_contig_2329164,Candidatus Thermoplasmatota
OC1703_4500m_2000m_sens_contig_244325,unclassified
OC1703_3500m_150m_sens_contig_3148673,Pseudomonadota;unclassified
OC1703_500m_500m_sens_contig_350596,Pseudomonadota;Alphaproteobacteria
OC1703_3000m_2000m_sens_contig_1782095,SAR324
OC1703_3000m_150m_sens_contig_5311548,Pseudomonadota;unclassified
OC1703_3500m_50m_sens_contig_1778760,Euryarchaeota
OC1703_4000m_500m_sens_contig_386896,Euryarchaeota
OC1703_3000m_2000m_sens_contig_691291,unclassified
OC1703_3500m_150m_sens_contig_1284840,Pseudomonadota;Gammaproteobacteria
OC1703_3000m_2000m_sens_contig_4085906,Pseudomonadota;Alphaproteobacteria
OC1703_4000m_1000m_sens_contig_2308275,Candidatus Thermoplasmatota
OC1703_4000m_1000m_sens_contig_1493578,Pseudomonadota;Gammaproteobacteria
OC1703_4500m_2000m_sens_contig_681314,Pseudomonadota;Alphaproteobacteria
OC1703_4000m_500m_sens_contig_1159006,Pseudomonadota;Alphaproteobacteria
OC1703_3000m_3000m_sens_contig_806090,Pseudomonadota;Alphaproteobacteria
OC1703_4500m_3000m_sens_contig_4099602,unclassified
OC1703_4000m_1000m_sens_contig_3607197,Candidatus Thermoplasmatota
OC1703_500m_50m_sens_contig_107993,Pseudomonadota;Gammaproteobacteria
OC1703_4500m_4000m_sens_contig_1407293,Pseudomonadota;Alphaproteobacteria
OC1703_4000m_150m_sens_contig_1986131,Candidatus Thermoplasmatota
OC1703_4500m_50m_sens_contig_3303493,Pseudomonadota;Gammaproteobacteria
OC1703_4000m_2000m_sens_contig_3517055,Pseudomonadota;Gammaproteobacteria
OC1703_3000m_500m_sens_contig_3194511,Pseudomonadota;Alphaproteobacteria
OC1703_4000m_50m_sens_contig_860793,Pseudomonadota;Alphaproteobacteria
OC1703_4000m_3000m_sens_contig_1884561,SAR324
OC1703_3000m_50m_sens_contig_3444759,Pseudomonadota;Alphaproteobacteria
OC1703_4000m_500m_sens_contig_752983,Actinomycetota
OC1703_4000m_3000m_sens_contig_2030823,Pseudomonadota;Alphaproteobacteria
OC1703_4500m_150m_sens_contig_132989,Pseudomonadota;Alphaproteobacteria
OC1703_3500m_3000m_sens_contig_1554149,SAR324
OC1703_3500m_3000m_sens_contig_261395,Pseudomonadota;Alphaproteobacteria
OC1703_3000m_50m_sens_contig_1948739,Pseudomonadota;Alphaproteobacteria
OC1703_500m_500m_sens_contig_54300,Actinomycetota
OC1703_4500m_1000m_sens_contig_130586,Pseudomonadota;Gammaproteobacteria
OC1703_4500m_150m_sens_contig_2999989,Cyanobacteriota
OC1703_500m_500m_sens_contig_638431,Candidatus Thermoplasmatota
OC1703_3500m_150m_sens_contig_2421435,Pseudomonadota;Gammaproteobacteria
OC1703_500m_50m_sens_contig_707893,Pseudomonadota;unclassified
OC1703_3000m_1000m_sens_contig_4569239,SAR324
OC1703_500m_500m_sens_contig_1440972,Pseudomonadota;Gammaproteobacteria
OC1703_4500m_150m_sens_contig_2931003,eukaryote
OC1703_4500m_1000m_sens_contig_3938328,Pseudomonadota;Alphaproteobacteria
OC1703_3500m_2000m_sens_contig_1683658,Candidatus Thermoplasmatota
OC1703_4500m_50m_sens_contig_2220733,Pseudomonadota;Alphaproteobacteria
OC1703_500m_50m_sens_contig_2791170,Pseudomonadota;unclassified
OC1703_4500m_4000m_sens_contig_807741,Pseudomonadota;Alphaproteobacteria
OC1703_3000m_50m_sens_contig_4391477,Pseudomonadota;Gammaproteobacteria
OC1703_3000m_150m_sens_contig_4702407,Pseudomonadota;Alphaproteobacteria
OC1703_3000m_50m_sens_contig_1972918,Pseudomonadota;Gammaproteobacteria
OC1703_4000m_500m_sens_contig_2325374,Candidatus Thermoplasmatota
OC1703_4500m_2000m_sens_contig_5311496,unclassified
OC1703_3500m_50m_sens_contig_2103931,eukaryote
OC1703_4500m_4000m_sens_contig_4097424,Pseudomonadota;Gammaproteobacteria
OC1703_4000m_50m_sens_contig_3079299,Cyanobacteriota
OC1703_3500m_500m_sens_contig_4348188,Candidatus Thermoplasmatota
OC1703_4000m_150m_sens_contig_3597150,Euryarchaeota
OC1703_3000m_3000m_sens_contig_2687572,Pseudomonadota;Gammaproteobacteria
OC1703_3000m_2000m_sens_contig_2914838,unclassified
OC1703_4000m_2000m_sens_contig_1338195,Pseudomonadota;Alphaproteobacteria
OC1703_3000m_50m_sens_contig_298139,Actinomycetota
OC1703_3000m_2000m_sens_contig_2232286,Pseudomonadota;Gammaproteobacteria
OC1703_4000m_150m_sens_contig_821672,Pseudomonadota;Alphaproteobacteria
OC1703_3000m_150m_sens_contig_5322990,Candidatus Thermoplasmatota
OC1703_3000m_150m_sens_contig_452267,eukaryote
OC1703_4000m_50m_sens_contig_3457603,Pseudomonadota;Gammaproteobacteria
OC1703_4500m_150m_sens_contig_732007,Pseudomonadota;Gammaproteobacteria
OC1703_4500m_2000m_sens_contig_2981865,Pseudomonadota;Alphaproteobacteria
OC1703_500m_500m_sens_contig_3294511,Pseudomonadota;Gammaproteobacteria
OC1703_4500m_50m_sens_contig_4005495,Pseudomonadota;Alphaproteobacteria
OC1703_4500m_4000m_sens_contig_2080665,Pseudomonadota;Betaproteobacteria
OC1703_3000m_3000m_sens_contig_763523,Pseudomonadota;Alphaproteobacteria
OC1703_3500m_1000m_sens_contig_3220855,Pseudomonadota;Gammaproteobacteria
OC1703_4500m_50m_sens_contig_977953,eukaryote
OC1703_4500m_4000m_sens_contig_2859560,Pseudomonadota;Gammaproteobacteria
OC1703_4500m_150m_sens_contig_1186868,Myxococcota
OC1703_3000m_2000m_sens_contig_1202166,unclassified
OC1703_3500m_2000m_sens_contig_2873078,Pseudomonadota;Alphaproteobacteria
OC1703_4000m_500m_sens_contig_1166220,Pseudomonadota;Gammaproteobacteria
OC1703_3500m_50m_sens_contig_3774738,Pseudomonadota;Alphaproteobacteria
OC1703_4000m_50m_sens_contig_136864,Cyanobacteriota
OC1703_3500m_2000m_sens_contig_1356916,Euryarchaeota
OC1703_4500m_500m_sens_contig_1480000,Pseudomonadota;Alphaproteobacteria
OC1703_3000m_3000m_sens_contig_2166478,Pseudomonadota;Alphaproteobacteria
OC1703_4000m_1000m_sens_contig_223552,Myxococcota
OC1703_4500m_1000m_sens_contig_2066986,Pseudomonadota;Alphaproteobacteria
OC1703_3000m_3000m_sens_contig_1890843,Myxococcota
OC1703_4500m_50m_sens_contig_6969080,Pseudomonadota;Alphaproteobacteria
OC1703_3500m_3000m_sens_contig_1088059,Myxococcota
OC1703_4500m_2000m_sens_contig_2131699,unclassified
OC1703_4500m_50m_sens_contig_297637,Cyanobacteriota
OC1703_3000m_500m_sens_contig_1732262,Pseudomonadota;Alphaproteobacteria
OC1703_4000m_150m_sens_contig_2321125,Pseudomonadota;unclassified
OC1703_4500m_500m_sens_contig_2068608,Pseudomonadota;Alphaproteobacteria
OC1703_4000m_2000m_sens_contig_3105744,Pseudomonadota;unclassified
OC1703_3000m_50m_sens_contig_988797,Candidatus Thermoplasmatota
OC1703_3000m_1000m_sens_contig_1339060,Euryarchaeota
OC1703_4500m_50m_sens_contig_7100217,Cyanobacteriota
OC1703_4500m_150m_sens_contig_1420987,Chloroflexota
OC1703_3500m_2000m_sens_contig_1134923,Pseudomonadota;unclassified
OC1703_500m_50m_sens_contig_739980,Pseudomonadota;Gammaproteobacteria
OC1703_4500m_50m_sens_contig_7040837,Pseudomonadota;Alphaproteobacteria
OC1703_500m_500m_sens_contig_1588197,Actinomycetota
OC1703_4000m_500m_sens_contig_3021757,Pseudomonadota;Gammaproteobacteria
OC1703_3000m_150m_sens_contig_5334648,Candidatus Thermoplasmatota
OC1703_4500m_150m_sens_contig_1651950,Cyanobacteriota
OC1703_3500m_2000m_sens_contig_2222888,Actinomycetota
OC1703_3500m_500m_sens_contig_3834387,unclassified
OC1703_3000m_2000m_sens_contig_3197486,Planctomycetota
OC1703_3000m_150m_sens_contig_5326052,Pseudomonadota;Gammaproteobacteria
OC1703_4000m_1000m_sens_contig_2738141,Myxococcota
OC1703_3500m_2000m_sens_contig_2532949,unclassified
